PassengerId,Survived,Pclass,Sex,Age,AgeGroup,SibSp,Parch,FamilySize,IsAlone,Fare,FarePerPerson,Embarked
1,0,2,1,21.6,2,1,0,2,0,13.35,6.68,0
2,1,3,1,0.5,0,0,0,1,1,18.38,18.38,2
3,0,3,0,24.2,2,1,1,3,0,15.03,5.01,0
4,0,3,1,42.8,2,0,0,1,1,21.7,21.7,2
5,0,1,0,37.5,2,0,0,1,1,91.02,91.02,2
6,0,1,0,36.0,2,0,1,2,0,128.09,64.04,2
7,0,1,1,26.1,2,0,0,1,1,69.42,69.42,2
8,0,3,0,12.1,1,1,1,3,0,11.77,3.92,1
9,0,3,1,37.2,2,0,1,2,0,13.66,6.83,2
10,1,3,1,18.3,2,0,0,1,1,7.45,7.45,2
11,0,1,0,60.6,3,1,0,2,0,70.66,35.33,1
12,1,3,1,38.0,2,0,1,2,0,14.55,7.28,2
13,0,3,0,21.9,2,1,0,2,0,6.45,3.22,1
14,0,1,0,21.4,2,0,5,6,0,72.11,12.02,2
15,1,1,0,28.7,2,0,2,3,0,115.34,38.45,2
16,0,1,1,26.6,2,0,0,1,1,46.28,46.28,2
17,0,2,0,45.6,2,0,1,2,0,5.0,2.5,0
18,1,3,0,32.6,2,1,1,3,0,9.55,3.18,0
19,1,2,1,19.8,2,0,0,1,1,22.15,22.15,0
20,0,2,1,56.5,2,0,0,1,1,10.75,10.75,0
21,1,3,1,30.7,2,0,0,1,1,9.32,9.32,2
22,0,1,0,40.8,2,0,1,2,0,85.11,42.56,2
23,0,2,0,21.5,2,1,0,2,0,26.21,13.1,2
24,0,2,0,35.1,2,1,0,2,0,32.1,16.05,2
25,1,3,1,34.4,2,0,0,1,1,11.0,11.0,0
26,0,3,0,3.5,0,0,0,1,1,5.77,5.77,2
27,0,1,0,58.2,2,0,1,2,0,126.75,63.38,0
28,0,3,1,48.1,2,0,0,1,1,9.08,9.08,2
29,0,3,0,24.4,2,0,0,1,1,5.0,5.0,0
30,1,1,1,14.6,1,1,0,2,0,77.42,38.71,2
31,1,3,1,34.9,2,0,0,1,1,20.49,20.49,1
32,0,1,1,31.2,2,0,0,1,1,82.41,82.41,2
33,0,1,0,35.0,2,0,2,3,0,155.74,51.91,2
34,0,3,0,32.7,2,0,0,1,1,14.08,14.08,2
35,0,3,1,37.1,2,0,0,1,1,5.0,5.0,2
36,0,3,1,50.3,2,0,0,1,1,5.0,5.0,2
37,0,2,1,38.0,2,2,2,5,0,16.0,3.2,2
38,1,1,0,15.3,1,0,0,1,1,70.11,70.11,2
39,0,3,1,49.1,2,1,1,3,0,8.74,2.91,0
40,0,2,1,53.0,2,0,1,2,0,12.01,6.0,2
41,1,1,1,74.1,3,0,1,2,0,34.38,17.19,2
42,1,3,1,14.3,1,0,3,4,0,8.47,2.12,2
43,0,1,1,33.4,2,0,0,1,1,80.02,80.02,2
44,0,3,0,0.9,0,0,0,1,1,8.42,8.42,2
45,0,2,0,37.7,2,0,0,1,1,29.38,29.38,1
46,0,3,0,22.3,2,0,1,2,0,12.02,6.01,1
47,0,2,0,56.9,2,1,0,2,0,12.53,6.26,2
48,0,3,0,19.2,2,0,1,2,0,5.74,2.87,2
49,1,3,0,6.4,0,0,0,1,1,10.23,10.23,1
50,1,1,0,23.4,2,1,0,2,0,67.22,33.61,0
51,0,3,0,2.3,0,1,0,2,0,5.0,2.5,2
52,0,3,0,40.5,2,1,0,2,0,14.43,7.22,0
53,0,3,1,1.1,0,0,1,2,0,12.32,6.16,2
54,1,3,1,30.4,2,0,1,2,0,11.42,5.71,0
55,0,3,0,0.9,0,0,0,1,1,12.13,12.13,0
56,0,3,1,25.5,2,1,0,2,0,6.57,3.28,2
57,1,1,0,53.0,2,0,0,1,1,101.23,101.23,2
58,1,1,0,35.0,2,4,0,5,0,95.2,19.04,2
59,0,1,0,17.9,1,1,0,2,0,60.25,30.12,2
60,0,2,0,29.6,2,1,0,2,0,12.27,6.14,1
61,0,2,1,30.3,2,1,0,2,0,30.97,15.48,2
62,1,2,1,36.6,2,1,0,2,0,5.55,2.78,2
63,0,3,0,10.9,0,0,0,1,1,11.35,11.35,2
64,0,2,0,38.3,2,1,2,4,0,23.62,5.9,2
65,0,2,0,0.5,0,1,0,2,0,20.54,10.27,2
66,0,3,0,21.2,2,1,1,3,0,10.12,3.37,2
67,0,1,0,23.2,2,1,1,3,0,124.44,41.48,2
68,0,3,0,38.9,2,0,1,2,0,9.38,4.69,2
69,1,1,1,30.3,2,0,1,2,0,104.99,52.5,2
70,1,3,1,10.3,0,0,0,1,1,14.11,14.11,1
71,0,3,0,16.2,1,0,0,1,1,5.38,5.38,2
72,1,1,1,32.8,2,0,0,1,1,47.38,47.38,0
73,0,1,0,28.9,2,1,1,3,0,38.42,12.81,0
74,0,3,0,21.9,2,0,1,2,0,9.69,4.84,2
75,0,3,0,23.3,2,0,1,2,0,15.21,7.6,2
76,0,3,0,39.7,2,0,2,3,0,13.27,4.42,2
77,1,3,1,22.8,2,0,2,3,0,22.42,7.47,2
78,1,1,0,28.8,2,2,0,3,0,67.0,22.33,2
79,1,2,0,60.4,3,0,0,1,1,17.87,17.87,0
80,0,1,0,10.1,0,1,1,3,0,77.83,25.94,0
81,1,3,0,4.1,0,0,0,1,1,8.99,8.99,2
82,0,3,1,41.0,2,0,0,1,1,5.0,5.0,2
83,0,2,0,20.5,2,0,0,1,1,28.76,28.76,2
84,0,1,0,25.5,2,2,2,5,0,74.82,14.96,0
85,0,2,0,19.1,2,0,0,1,1,24.46,24.46,1
86,0,2,0,26.4,2,2,1,4,0,5.0,1.25,1
87,0,3,0,52.4,2,1,0,2,0,16.2,8.1,2
88,1,3,1,41.2,2,2,0,3,0,14.23,4.74,0
89,0,3,0,42.1,2,1,0,2,0,5.0,2.5,2
90,0,3,1,10.2,0,0,0,1,1,11.22,11.22,2
91,1,1,1,13.9,1,0,1,2,0,109.01,54.5,2
92,1,3,1,0.5,0,0,1,2,0,15.57,7.78,0
93,0,3,0,18.7,2,0,0,1,1,15.16,15.16,0
94,0,3,0,43.4,2,0,1,2,0,16.59,8.3,2
95,0,3,0,37.2,2,0,0,1,1,5.0,5.0,2
96,1,3,1,26.9,2,0,0,1,1,6.08,6.08,2
97,0,3,0,29.7,2,0,0,1,1,15.57,15.57,2
98,0,2,0,20.4,2,0,1,2,0,5.0,2.5,2
99,0,1,0,32.9,2,0,1,2,0,149.05,74.53,0
100,1,1,0,40.7,2,0,0,1,1,57.11,57.11,1
101,0,1,0,7.4,0,0,2,3,0,110.15,36.72,2
102,0,3,0,34.2,2,2,0,3,0,18.95,6.32,2
103,0,2,1,43.1,2,0,0,1,1,25.43,25.43,1
104,1,3,0,24.2,2,0,0,1,1,10.8,10.8,2
105,0,3,0,39.8,2,1,1,3,0,8.15,2.72,2
106,0,2,0,69.4,3,0,0,1,1,26.32,26.32,2
107,0,2,0,28.5,2,0,1,2,0,24.73,12.36,0
108,0,3,0,35.5,2,1,0,2,0,7.96,3.98,1
109,1,1,1,19.7,2,2,0,3,0,87.52,29.17,2
110,0,1,0,32.5,2,1,2,4,0,60.11,15.03,2
111,1,2,1,36.4,2,1,0,2,0,21.11,10.56,2
112,0,1,0,32.7,2,1,1,3,0,72.01,24.0,2
113,1,3,0,15.7,1,1,0,2,0,5.0,2.5,2
114,0,3,1,32.9,2,0,2,3,0,9.3,3.1,2
115,1,3,0,50.5,2,2,0,3,0,13.05,4.35,1
116,0,3,0,36.3,2,0,0,1,1,11.71,11.71,2
117,0,3,0,43.5,2,0,0,1,1,6.41,6.41,2
118,0,1,0,26.7,2,2,1,4,0,58.73,14.68,2
119,1,3,1,40.5,2,0,1,2,0,5.57,2.78,2
120,0,3,0,33.9,2,0,0,1,1,9.89,9.89,2
121,0,3,1,16.7,1,1,0,2,0,13.26,6.63,2
122,0,3,1,34.5,2,0,1,2,0,12.31,6.16,0
123,0,2,0,16.1,1,1,0,2,0,13.06,6.53,0
124,1,1,1,21.1,2,0,0,1,1,77.32,77.32,0
125,0,1,0,32.7,2,0,0,1,1,113.36,113.36,0
126,1,2,1,34.2,2,0,0,1,1,15.12,15.12,2
127,0,3,0,13.4,1,0,0,1,1,17.65,17.65,2
128,1,3,1,44.8,2,0,0,1,1,15.59,15.59,2
129,1,1,0,38.0,2,0,0,1,1,61.86,61.86,2
130,0,3,0,20.1,2,1,0,2,0,10.96,5.48,2
131,0,2,0,8.5,0,0,0,1,1,5.0,5.0,2
132,1,1,1,28.0,2,0,0,1,1,56.82,56.82,1
133,1,1,0,23.8,2,0,0,1,1,19.37,19.37,2
134,0,2,0,31.6,2,1,0,2,0,28.58,14.29,0
135,1,3,1,24.9,2,1,1,3,0,11.28,3.76,2
136,1,2,1,1.9,0,0,0,1,1,11.34,11.34,2
137,0,3,1,24.6,2,0,0,1,1,9.36,9.36,2
138,1,3,1,25.7,2,0,1,2,0,6.19,3.1,0
139,0,2,1,38.9,2,0,0,1,1,32.12,32.12,0
140,0,3,1,20.2,2,1,0,2,0,5.0,2.5,2
141,0,3,0,53.5,2,0,0,1,1,17.29,17.29,2
142,1,2,0,3.2,0,0,2,3,0,15.1,5.03,1
143,0,3,1,48.4,2,0,1,2,0,11.23,5.62,2
144,0,2,0,26.9,2,0,0,1,1,14.77,14.77,1
145,0,2,0,42.0,2,0,0,1,1,19.58,19.58,2
146,0,1,0,31.1,2,0,0,1,1,103.08,103.08,2
147,0,3,1,46.0,2,0,0,1,1,14.12,14.12,2
148,1,3,0,24.6,2,1,1,3,0,11.52,3.84,2
149,0,1,0,14.6,1,0,2,3,0,87.37,29.12,1
150,0,2,0,49.9,2,0,0,1,1,15.82,15.82,0
151,0,3,0,28.4,2,1,1,3,0,8.33,2.78,2
152,0,1,0,33.1,2,0,1,2,0,61.62,30.81,1
153,0,1,0,47.3,2,0,0,1,1,66.15,66.15,2
154,0,3,0,15.6,1,0,0,1,1,17.43,17.43,2
155,1,3,1,38.3,2,0,1,2,0,12.26,6.13,2
156,0,2,0,21.7,2,2,1,4,0,5.0,1.25,2
157,0,3,1,28.1,2,1,1,3,0,9.01,3.0,2
158,0,3,1,31.0,2,0,0,1,1,13.79,13.79,2
159,1,1,0,9.0,0,2,0,3,0,69.66,23.22,2
160,1,3,1,19.1,2,1,0,2,0,7.15,3.58,2
161,0,2,0,48.9,2,0,0,1,1,5.0,5.0,2
162,1,3,1,42.4,2,0,0,1,1,17.74,17.74,2
163,0,3,0,29.1,2,0,0,1,1,5.0,5.0,2
164,1,3,1,33.4,2,0,0,1,1,5.0,5.0,2
165,1,1,0,25.9,2,0,1,2,0,118.85,59.42,2
166,0,3,0,49.0,2,0,0,1,1,5.0,5.0,2
167,1,2,0,27.2,2,0,1,2,0,25.14,12.57,2
168,0,1,1,33.2,2,0,1,2,0,59.57,29.78,2
169,0,1,1,46.0,2,1,0,2,0,100.46,50.23,2
170,0,3,0,19.1,2,0,0,1,1,16.4,16.4,2
171,0,3,0,51.8,2,0,0,1,1,17.25,17.25,2
172,0,1,0,8.6,0,0,0,1,1,136.91,136.91,1
173,1,3,1,52.8,2,1,0,2,0,7.75,3.88,2
174,0,1,0,24.8,2,1,0,2,0,93.23,46.62,1
175,0,3,1,26.6,2,0,0,1,1,13.61,13.61,2
176,1,1,0,3.5,0,0,0,1,1,40.7,40.7,2
177,1,3,0,23.6,2,0,0,1,1,16.82,16.82,2
178,0,2,0,15.4,1,0,0,1,1,29.61,29.61,2
179,0,3,0,21.5,2,0,1,2,0,7.47,3.74,0
180,0,1,0,28.1,2,0,0,1,1,92.52,92.52,2
181,0,2,0,43.4,2,0,0,1,1,22.42,22.42,2
182,0,1,1,32.9,2,1,0,2,0,72.64,36.32,0
183,1,3,0,34.3,2,0,0,1,1,8.56,8.56,2
184,0,3,0,14.7,1,0,0,1,1,16.92,16.92,2
185,0,2,0,17.7,1,0,0,1,1,28.25,28.25,0
186,0,3,0,55.2,2,0,0,1,1,17.73,17.73,2
187,0,3,0,19.7,2,2,0,3,0,17.07,5.69,2
188,0,3,0,53.2,2,0,0,1,1,9.67,9.67,0
189,0,3,0,26.6,2,0,0,1,1,7.16,7.16,2
190,0,2,0,30.0,2,1,0,2,0,35.58,17.79,2
191,0,1,0,45.0,2,0,1,2,0,69.03,34.52,2
192,0,3,0,47.8,2,0,0,1,1,19.37,19.37,2
193,0,3,0,28.4,2,1,0,2,0,10.63,5.32,0
194,0,3,0,24.6,2,0,0,1,1,6.96,6.96,2
195,0,2,1,29.2,2,1,1,3,0,25.04,8.35,0
196,0,2,0,34.7,2,1,1,3,0,24.77,8.26,2
197,0,3,1,42.5,2,1,1,3,0,5.0,1.67,2
198,0,3,0,30.1,2,0,0,1,1,10.4,10.4,2
199,1,3,1,38.7,2,1,0,2,0,16.61,8.3,2
200,1,3,1,52.9,2,1,0,2,0,5.0,2.5,2
201,0,3,0,35.3,2,1,0,2,0,14.13,7.06,2
202,1,1,1,34.4,2,1,1,3,0,94.16,31.39,2
203,0,1,0,8.7,0,2,0,3,0,68.5,22.83,2
204,0,3,0,0.5,0,2,0,3,0,18.47,6.16,2
205,0,3,1,35.4,2,0,1,2,0,6.55,3.28,2
206,0,1,1,28.7,2,0,0,1,1,103.05,103.05,2
207,0,1,0,22.8,2,0,0,1,1,52.39,52.39,1
208,0,3,0,33.4,2,0,0,1,1,8.47,8.47,0
209,0,1,0,29.2,2,0,0,1,1,86.24,86.24,2
210,0,1,0,45.8,2,0,0,1,1,78.65,78.65,2
211,1,3,1,31.2,2,0,1,2,0,14.24,7.12,2
212,0,3,0,19.5,2,0,0,1,1,9.68,9.68,2
213,0,3,0,43.9,2,2,0,3,0,5.0,1.67,0
214,1,1,0,27.0,2,1,1,3,0,70.1,23.37,0
215,0,3,0,37.4,2,1,0,2,0,12.11,6.06,2
216,0,1,0,23.3,2,0,1,2,0,74.08,37.04,2
217,0,2,0,20.9,2,3,1,5,0,24.37,4.87,2
218,1,3,1,31.2,2,0,1,2,0,5.0,2.5,2
219,0,3,1,30.2,2,0,0,1,1,5.0,5.0,0
220,0,3,0,36.7,2,0,1,2,0,6.35,3.18,2
221,1,3,1,26.2,2,0,0,1,1,13.55,13.55,2
222,0,3,1,4.3,0,1,0,2,0,5.0,2.5,2
223,1,1,1,23.9,2,0,0,1,1,126.2,126.2,0
224,0,2,0,41.1,2,1,0,2,0,16.28,8.14,0
225,0,2,0,25.8,2,2,2,5,0,16.76,3.35,1
226,0,2,0,26.6,2,0,0,1,1,17.73,17.73,2
227,0,3,0,43.8,2,0,0,1,1,13.91,13.91,0
228,0,2,0,20.0,2,0,1,2,0,18.7,9.35,0
229,0,3,0,8.4,0,0,0,1,1,8.11,8.11,2
230,0,3,0,27.8,2,0,0,1,1,14.05,14.05,2
231,0,3,1,23.2,2,1,0,2,0,5.0,2.5,2
232,0,3,0,16.5,1,1,0,2,0,5.0,2.5,2
233,0,3,0,27.5,2,0,0,1,1,7.83,7.83,2
234,0,3,1,36.9,2,1,1,3,0,14.65,4.88,2
235,1,1,1,29.9,2,0,0,1,1,96.14,96.14,2
236,0,3,1,34.3,2,1,0,2,0,14.29,7.14,1
237,1,2,1,55.4,2,1,0,2,0,26.14,13.07,2
238,0,1,0,25.2,2,0,0,1,1,81.85,81.85,2
239,0,3,1,33.9,2,2,0,3,0,13.27,4.42,2
240,1,1,0,22.9,2,1,1,3,0,25.23,8.41,2
241,0,3,0,18.2,2,0,0,1,1,14.31,14.31,2
242,0,3,0,21.8,2,0,0,1,1,9.44,9.44,0
243,0,3,0,23.3,2,0,3,4,0,25.36,6.34,2
244,0,2,0,35.0,2,0,1,2,0,29.96,14.98,2
245,0,1,0,62.9,3,0,0,1,1,59.51,59.51,2
246,0,3,1,20.0,2,0,2,3,0,8.03,2.68,1
247,0,2,0,24.2,2,1,0,2,0,26.0,13.0,2
248,0,3,0,29.1,2,1,0,2,0,7.37,3.68,0
249,1,3,1,35.5,2,0,0,1,1,11.39,11.39,2
250,0,3,0,33.7,2,0,0,1,1,15.19,15.19,1
251,0,2,0,48.0,2,1,1,3,0,33.01,11.0,0
252,1,2,1,0.5,0,0,1,2,0,14.7,7.35,2
253,1,3,0,0.5,0,0,0,1,1,5.17,5.17,2
254,0,2,0,23.1,2,1,1,3,0,5.0,1.67,2
255,1,1,1,45.4,2,1,0,2,0,120.06,60.03,2
256,0,3,0,8.1,0,1,0,2,0,6.73,3.36,2
257,0,3,0,0.5,0,1,0,2,0,8.94,4.47,2
258,0,3,1,38.0,2,0,2,3,0,6.45,2.15,2
259,0,3,1,33.4,2,1,1,3,0,10.19,3.4,2
260,0,1,0,14.7,1,0,1,2,0,75.04,37.52,2
261,0,3,0,16.2,1,0,0,1,1,5.0,5.0,2
262,1,3,0,16.4,1,1,0,2,0,12.4,6.2,2
263,0,1,0,31.5,2,1,0,2,0,102.71,51.36,2
264,0,3,0,21.2,2,0,0,1,1,9.06,9.06,2
265,0,3,0,36.9,2,1,1,3,0,16.84,5.61,2
266,0,3,1,0.5,0,0,1,2,0,8.7,4.35,2
267,0,3,0,18.0,1,2,0,3,0,8.49,2.83,2
268,0,3,0,14.2,1,1,0,2,0,13.3,6.65,2
269,0,2,0,26.4,2,1,1,3,0,25.1,8.37,2
270,1,2,1,22.5,2,0,1,2,0,27.93,13.96,2
271,0,3,0,41.2,2,2,0,3,0,5.0,1.67,1
272,0,3,0,4.0,0,0,1,2,0,10.08,5.04,0
273,0,3,1,30.6,2,0,0,1,1,5.0,5.0,2
274,0,3,0,37.8,2,0,0,1,1,5.0,5.0,2
275,1,3,0,56.0,2,0,1,2,0,5.0,2.5,0
276,0,3,0,23.3,2,0,0,1,1,5.0,5.0,2
277,0,3,0,34.5,2,1,0,2,0,7.26,3.63,2
278,0,3,0,4.7,0,1,0,2,0,7.57,3.78,2
279,0,3,0,0.5,0,0,0,1,1,13.32,13.32,2
280,1,3,0,41.8,2,0,0,1,1,11.11,11.11,2
281,0,3,0,29.9,2,0,1,2,0,5.0,2.5,2
282,0,2,1,46.5,2,2,0,3,0,9.89,3.3,1
283,1,2,1,10.8,0,0,1,2,0,18.61,9.3,2
284,1,1,1,37.3,2,0,0,1,1,33.78,33.78,0
285,0,3,1,56.2,2,2,0,3,0,9.7,3.23,2
286,0,1,0,35.9,2,1,0,2,0,105.93,52.96,2
287,0,3,1,33.9,2,0,1,2,0,13.82,6.91,2
288,0,3,0,30.1,2,0,0,1,1,5.0,5.0,2
289,1,2,1,8.0,0,2,0,3,0,25.28,8.43,2
290,1,3,1,49.0,2,0,1,2,0,17.54,8.77,0
291,1,1,1,21.4,2,0,0,1,1,72.82,72.82,1
292,1,1,1,37.1,2,0,1,2,0,71.81,35.9,2
293,0,3,0,8.1,0,1,1,3,0,12.68,4.23,0
294,0,2,0,13.5,1,2,1,4,0,6.65,1.66,0
295,1,1,0,50.1,2,0,0,1,1,31.7,31.7,2
296,0,3,0,25.1,2,0,1,2,0,9.35,4.68,2
297,0,3,0,50.3,2,1,0,2,0,5.15,2.58,2
298,0,1,0,28.9,2,1,0,2,0,72.55,36.28,2
299,1,3,1,4.2,0,0,0,1,1,25.48,25.48,2
300,0,1,0,42.5,2,2,1,4,0,73.62,18.4,2
301,1,1,1,21.7,2,0,1,2,0,86.91,43.46,2
302,0,3,1,39.8,2,2,0,3,0,5.0,1.67,2
303,1,3,1,30.4,2,0,0,1,1,10.62,10.62,2
304,0,3,1,8.4,0,0,1,2,0,5.0,2.5,2
305,0,3,0,32.3,2,1,0,2,0,9.46,4.73,2
306,0,3,1,60.7,3,0,1,2,0,5.0,2.5,2
307,0,3,1,36.9,2,1,0,2,0,13.09,6.54,2
308,0,2,0,29.2,2,0,3,4,0,37.15,9.29,2
309,0,3,0,45.1,2,0,0,1,1,8.08,8.08,2
310,0,2,1,32.9,2,1,0,2,0,16.68,8.34,1
311,0,2,0,32.9,2,1,0,2,0,27.54,13.77,0
312,0,1,0,14.7,1,0,1,2,0,76.69,38.34,2
313,0,1,1,33.3,2,0,0,1,1,74.13,74.13,2
314,0,3,0,44.5,2,0,0,1,1,13.84,13.84,2
315,0,3,0,18.3,2,0,0,1,1,16.17,16.17,2
316,0,3,1,49.9,2,2,0,3,0,5.93,1.98,2
317,0,2,0,28.7,2,0,0,1,1,25.03,25.03,0
318,0,1,0,17.6,1,0,1,2,0,64.92,32.46,2
319,1,1,0,44.0,2,1,1,3,0,106.24,35.41,2
320,0,2,0,26.0,2,0,0,1,1,14.98,14.98,2
321,1,3,1,40.6,2,0,0,1,1,11.13,11.13,0
322,0,3,0,25.9,2,0,1,2,0,12.48,6.24,2
323,0,3,0,29.2,2,0,0,1,1,6.39,6.39,0
324,0,2,0,36.9,2,0,0,1,1,18.73,18.73,1
325,0,3,0,34.1,2,0,0,1,1,6.2,6.2,2
326,1,3,1,2.1,0,1,1,3,0,5.67,1.89,2
327,1,3,1,14.3,1,0,0,1,1,13.47,13.47,1
328,0,3,0,43.0,2,0,0,1,1,5.0,5.0,1
329,0,2,0,28.2,2,0,1,2,0,20.18,10.09,2
330,0,2,0,22.7,2,0,0,1,1,46.98,46.98,2
331,1,2,0,11.0,0,0,0,1,1,23.12,23.12,2
332,1,3,1,14.9,1,0,0,1,1,14.35,14.35,2
333,0,1,0,1.7,0,0,0,1,1,124.36,124.36,1
334,0,1,0,28.6,2,0,1,2,0,48.6,24.3,2
335,0,1,0,21.6,2,0,0,1,1,89.52,89.52,2
336,1,1,1,16.5,1,1,1,3,0,84.66,28.22,2
337,1,3,1,29.0,2,0,0,1,1,13.78,13.78,0
338,0,3,0,35.1,2,0,0,1,1,22.94,22.94,2
339,1,3,1,59.3,2,0,0,1,1,5.0,5.0,2
340,0,1,0,8.8,0,0,2,3,0,67.83,22.61,1
341,0,3,0,46.2,2,0,1,2,0,12.06,6.03,1
342,0,3,1,43.6,2,1,1,3,0,6.92,2.31,2
343,0,1,1,19.1,2,0,0,1,1,72.89,72.89,2
344,1,2,1,32.8,2,2,0,3,0,16.81,5.6,0
345,0,2,0,23.6,2,0,0,1,1,5.68,5.68,2
346,0,3,0,32.6,2,0,0,1,1,7.39,7.39,0
347,0,3,1,51.1,2,0,0,1,1,16.1,16.1,0
348,0,1,0,38.5,2,0,1,2,0,75.92,37.96,2
349,0,2,0,37.1,2,0,1,2,0,31.43,15.72,2
350,0,3,0,24.0,2,1,1,3,0,14.73,4.91,2
351,0,3,1,9.2,0,0,0,1,1,5.0,5.0,2
352,0,3,0,27.1,2,0,2,3,0,10.34,3.45,2
353,0,3,0,46.9,2,1,0,2,0,5.0,2.5,2
354,1,1,1,8.6,0,0,0,1,1,83.7,83.7,2
355,0,1,0,15.2,1,0,0,1,1,47.31,47.31,2
356,0,3,0,31.8,2,0,0,1,1,5.05,5.05,2
357,0,1,0,16.2,1,0,1,2,0,83.2,41.6,1
358,0,3,0,18.9,2,0,0,1,1,12.47,12.47,2
359,0,3,0,24.1,2,0,0,1,1,7.1,7.1,2
360,0,3,0,10.9,0,0,1,2,0,14.11,7.06,2
361,1,2,1,16.4,1,0,0,1,1,11.16,11.16,2
362,1,3,0,39.8,2,1,0,2,0,12.18,6.09,1
363,1,3,1,11.7,0,0,2,3,0,16.2,5.4,0
364,0,3,0,7.6,0,0,1,2,0,11.6,5.8,1
365,0,3,0,21.2,2,0,1,2,0,17.69,8.85,2
366,0,2,0,40.2,2,1,0,2,0,29.47,14.74,2
367,0,3,0,27.2,2,0,0,1,1,7.38,7.38,1
368,0,3,1,23.5,2,0,0,1,1,16.47,16.47,2
369,0,1,0,30.6,2,2,1,4,0,79.85,19.96,0
370,1,1,0,5.6,0,0,1,2,0,66.7,33.35,1
371,1,1,1,36.9,2,0,0,1,1,34.23,34.23,2
372,1,1,1,35.4,2,0,0,1,1,96.56,96.56,2
373,0,1,1,24.3,2,1,1,3,0,56.59,18.86,1
374,0,3,0,44.1,2,0,0,1,1,19.11,19.11,1
375,0,1,1,14.2,1,1,0,2,0,69.37,34.68,2
376,0,2,0,45.8,2,0,0,1,1,31.48,31.48,1
377,0,3,0,32.2,2,1,0,2,0,5.0,2.5,2
378,1,1,0,25.3,2,2,1,4,0,78.23,19.56,2
379,0,3,0,29.7,2,2,1,4,0,10.36,2.59,2
380,0,2,0,28.5,2,0,0,1,1,18.01,18.01,2
381,0,1,0,47.1,2,1,1,3,0,106.65,35.55,2
382,0,3,1,14.9,1,0,0,1,1,10.85,10.85,1
383,0,3,0,19.3,2,2,0,3,0,10.6,3.53,2
384,0,3,0,44.5,2,0,0,1,1,13.6,13.6,0
385,0,3,0,21.7,2,0,1,2,0,5.71,2.86,2
386,0,3,1,42.6,2,0,1,2,0,18.48,9.24,2
387,0,2,0,53.8,2,0,0,1,1,25.0,25.0,2
388,0,1,0,24.4,2,1,0,2,0,99.6,49.8,2
389,0,3,1,39.5,2,0,0,1,1,9.77,9.77,2
390,1,3,1,13.8,1,0,2,3,0,15.01,5.0,0
391,1,3,0,40.6,2,1,2,4,0,11.82,2.96,2
392,1,2,1,32.8,2,0,1,2,0,25.51,12.76,2
393,0,2,1,36.6,2,0,0,1,1,10.4,10.4,2
394,1,3,1,21.0,2,0,0,1,1,14.05,14.05,0
395,0,2,0,6.7,0,0,0,1,1,25.57,25.57,0
396,0,3,1,37.0,2,0,0,1,1,15.17,15.17,1
397,0,3,0,1.1,0,0,0,1,1,5.0,5.0,0
398,0,2,0,25.6,2,0,0,1,1,32.22,32.22,2
399,0,3,0,43.2,2,0,2,3,0,14.18,4.73,0
400,0,3,0,32.7,2,0,0,1,1,14.98,14.98,1
401,0,1,0,57.3,2,0,0,1,1,46.39,46.39,2
402,1,3,1,44.4,2,0,0,1,1,8.03,8.03,2
403,0,3,0,20.8,2,0,0,1,1,14.48,14.48,2
404,0,3,0,30.4,2,0,0,1,1,6.65,6.65,2
405,0,2,0,29.3,2,1,0,2,0,5.0,2.5,0
406,0,3,0,7.8,0,0,1,2,0,9.58,4.79,0
407,0,2,1,16.8,1,0,0,1,1,21.94,21.94,0
408,0,1,0,22.1,2,2,0,3,0,57.26,19.09,2
409,0,3,0,1.5,0,0,1,2,0,10.22,5.11,0
410,0,1,0,30.7,2,0,0,1,1,85.03,85.03,2
411,0,2,0,26.5,2,0,0,1,1,30.4,30.4,1
412,1,3,0,6.6,0,0,0,1,1,5.0,5.0,2
413,1,3,1,35.7,2,1,0,2,0,10.2,5.1,2
414,1,3,1,40.0,2,1,2,4,0,5.0,1.25,2
415,0,3,0,33.2,2,2,0,3,0,7.54,2.51,2
416,0,2,1,25.5,2,0,1,2,0,17.75,8.88,2
417,1,2,1,38.3,2,0,0,1,1,17.99,17.99,2
418,0,2,1,39.5,2,0,0,1,1,7.63,7.63,2
419,0,3,0,34.3,2,0,0,1,1,11.96,11.96,2
420,1,3,0,18.5,2,0,1,2,0,9.88,4.94,2
421,0,3,0,33.9,2,0,0,1,1,12.6,12.6,2
422,1,3,1,46.7,2,1,0,2,0,5.0,2.5,2
423,1,1,1,21.6,2,1,0,2,0,77.37,38.68,1
424,0,3,0,59.4,2,1,0,2,0,19.62,9.81,1
425,0,1,0,22.6,2,0,1,2,0,67.48,33.74,2
426,0,3,1,30.5,2,1,0,2,0,22.12,11.06,1
427,1,2,1,20.6,2,1,1,3,0,22.08,7.36,1
428,1,3,1,33.1,2,0,1,2,0,12.0,6.0,2
429,1,2,1,5.6,0,0,0,1,1,26.65,26.65,2
430,0,1,0,22.4,2,1,0,2,0,69.5,34.75,2
431,0,1,0,14.7,1,1,0,2,0,29.84,14.92,2
432,1,3,1,31.9,2,0,1,2,0,5.0,2.5,2
433,1,3,0,43.9,2,0,1,2,0,20.3,10.15,2
434,1,1,0,39.0,2,1,1,3,0,88.01,29.34,0
435,0,1,1,0.5,0,0,1,2,0,89.57,44.78,0
436,0,3,0,58.6,2,0,0,1,1,5.0,5.0,2
437,1,1,1,34.1,2,0,1,2,0,102.77,51.38,2
438,0,3,0,19.1,2,0,0,1,1,6.09,6.09,1
439,0,3,1,32.2,2,0,1,2,0,7.54,3.77,2
440,1,1,0,32.5,2,1,0,2,0,78.54,39.27,2
441,1,1,0,20.7,2,0,0,1,1,42.61,42.61,2
442,0,3,0,32.8,2,2,1,4,0,9.11,2.28,2
443,0,2,0,21.5,2,0,0,1,1,17.76,17.76,2
444,0,2,1,24.3,2,1,0,2,0,19.31,9.65,2
445,0,3,1,20.4,2,0,0,1,1,10.65,10.65,2
446,0,3,0,9.9,0,0,0,1,1,11.07,11.07,1
447,0,3,0,32.0,2,0,0,1,1,8.05,8.05,2
448,1,3,0,38.2,2,1,0,2,0,19.98,9.99,2
449,0,2,0,37.2,2,1,0,2,0,5.0,2.5,2
450,1,1,1,41.5,2,0,0,1,1,88.12,88.12,2
451,0,3,1,34.5,2,0,0,1,1,10.58,10.58,2
452,1,3,1,22.5,2,0,0,1,1,15.04,15.04,2
453,1,2,1,41.8,2,0,0,1,1,11.86,11.86,0
454,0,3,0,11.0,0,0,0,1,1,9.84,9.84,2
455,0,1,1,17.4,1,1,0,2,0,55.31,27.66,2
456,0,3,1,16.5,1,0,0,1,1,11.64,11.64,2
457,1,1,1,45.1,2,1,1,3,0,124.02,41.34,2
458,1,3,1,43.2,2,1,0,2,0,5.0,2.5,0
459,0,1,0,36.8,2,0,0,1,1,80.6,80.6,0
460,0,1,1,45.0,2,0,0,1,1,102.61,102.61,2
461,1,1,0,17.7,1,0,1,2,0,103.51,51.76,2
462,0,3,0,34.9,2,0,0,1,1,13.75,13.75,1
463,0,3,0,28.2,2,1,0,2,0,10.01,5.0,2
464,0,3,1,41.9,2,1,0,2,0,8.93,4.46,2
465,0,3,1,28.4,2,0,1,2,0,5.0,2.5,2
466,0,2,1,24.6,2,0,1,2,0,5.0,2.5,2
467,0,2,1,37.6,2,1,0,2,0,26.01,13.0,2
468,0,3,0,42.3,2,0,0,1,1,9.19,9.19,2
469,0,1,1,20.6,2,1,0,2,0,88.74,44.37,0
470,0,3,0,29.1,2,1,0,2,0,11.21,5.6,2
471,0,1,0,15.2,1,2,0,3,0,18.47,6.16,2
472,0,3,0,0.5,0,0,1,2,0,11.12,5.56,2
473,1,1,1,32.8,2,0,1,2,0,86.56,43.28,2
474,0,3,1,38.5,2,1,1,3,0,5.94,1.98,2
475,0,3,0,33.7,2,0,1,2,0,13.59,6.8,2
476,0,3,0,2.7,0,1,0,2,0,20.07,10.04,2
477,0,1,1,25.1,2,0,1,2,0,82.26,41.13,2
478,1,3,0,0.5,0,0,0,1,1,5.91,5.91,2
479,0,3,1,49.2,2,0,0,1,1,10.94,10.94,2
480,1,3,1,14.8,1,0,0,1,1,14.7,14.7,2
481,0,3,0,47.6,2,1,2,4,0,13.1,3.28,0
482,1,3,0,43.2,2,2,0,3,0,23.72,7.91,2
483,0,3,1,17.4,1,0,0,1,1,6.42,6.42,2
484,0,3,1,14.1,1,1,0,2,0,11.26,5.63,2
485,0,3,0,34.9,2,0,0,1,1,17.74,17.74,1
486,0,3,1,18.2,2,1,0,2,0,17.43,8.72,2
487,0,1,0,31.4,2,1,0,2,0,9.92,4.96,2
488,1,2,0,23.2,2,1,0,2,0,17.59,8.8,2
489,1,3,1,5.1,0,1,2,4,0,17.42,4.36,0
490,0,3,1,0.5,0,0,1,2,0,24.45,12.22,2
491,0,3,0,33.2,2,0,0,1,1,13.52,13.52,2
492,1,3,1,22.1,2,0,0,1,1,8.16,8.16,2
493,0,2,0,22.3,2,0,2,3,0,15.32,5.11,2
494,1,1,0,39.7,2,0,1,2,0,76.92,38.46,1
495,0,3,0,46.4,2,0,0,1,1,13.64,13.64,2
496,1,2,1,26.2,2,0,0,1,1,20.33,20.33,2
497,0,3,0,25.2,2,0,0,1,1,8.98,8.98,2
498,0,1,0,37.0,2,1,0,2,0,121.61,60.8,2
499,0,3,0,11.0,0,1,1,3,0,12.72,4.24,2
500,1,3,1,33.1,2,0,0,1,1,5.5,5.5,2
501,1,3,1,37.7,2,0,0,1,1,6.93,6.93,2
502,0,3,1,39.5,2,0,0,1,1,5.0,5.0,0
503,1,2,0,2.9,0,2,0,3,0,25.76,8.59,2
504,0,3,0,19.3,2,0,0,1,1,8.29,8.29,0
505,0,3,0,17.7,1,0,0,1,1,12.33,12.33,0
506,1,1,1,31.4,2,0,1,2,0,111.46,55.73,0
507,1,3,1,36.7,2,0,0,1,1,11.1,11.1,2
508,0,3,0,51.0,2,0,3,4,0,9.44,2.36,2
509,0,3,1,23.1,2,1,0,2,0,10.97,5.48,2
510,0,3,0,23.0,2,2,0,3,0,10.32,3.44,0
511,0,3,0,46.1,2,1,0,2,0,16.23,8.12,2
512,1,2,0,34.2,2,1,1,3,0,15.91,5.3,2
513,0,3,0,47.7,2,0,0,1,1,7.28,7.28,2
514,0,3,0,34.0,2,2,0,3,0,15.24,5.08,1
515,1,1,0,13.8,1,1,0,2,0,125.28,62.64,1
516,0,1,0,11.3,0,0,0,1,1,91.46,91.46,1
517,1,2,1,8.3,0,0,1,2,0,9.05,4.53,2
518,0,3,0,39.3,2,0,1,2,0,11.82,5.91,2
519,0,3,0,46.6,2,1,0,2,0,11.42,5.71,2
520,0,1,1,55.9,2,0,0,1,1,99.54,99.54,2
521,0,3,0,41.8,2,0,0,1,1,7.17,7.17,2
522,0,2,0,46.3,2,0,1,2,0,23.91,11.96,2
523,0,3,1,21.9,2,1,1,3,0,8.12,2.71,2
524,1,3,0,13.8,1,0,0,1,1,5.0,5.0,1
525,0,3,0,41.9,2,0,0,1,1,5.01,5.01,2
526,0,3,0,35.8,2,0,0,1,1,12.84,12.84,2
527,0,2,1,31.5,2,0,1,2,0,25.51,12.76,0
528,0,2,0,35.4,2,0,1,2,0,12.33,6.16,2
529,1,1,1,34.5,2,1,0,2,0,84.1,42.05,2
530,0,3,0,48.0,2,0,1,2,0,16.67,8.34,2
531,0,3,0,48.1,2,0,1,2,0,10.62,5.31,2
532,0,3,0,37.6,2,1,1,3,0,11.29,3.76,2
533,1,3,1,41.8,2,1,0,2,0,5.0,2.5,1
534,0,3,0,37.2,2,1,0,2,0,14.98,7.49,0
535,0,3,0,23.5,2,0,0,1,1,11.9,11.9,2
536,0,3,0,40.6,2,0,1,2,0,12.84,6.42,2
537,0,3,0,10.5,0,0,0,1,1,18.44,18.44,0
538,0,2,1,44.8,2,2,0,3,0,26.32,8.77,2
539,0,3,0,13.3,1,3,0,4,0,9.37,2.34,2
540,0,1,0,34.0,2,0,0,1,1,94.81,94.81,0
541,0,3,0,18.2,2,0,0,1,1,5.32,5.32,2
542,0,3,1,37.7,2,1,0,2,0,9.06,4.53,2
543,0,1,0,29.5,2,0,1,2,0,94.36,47.18,2
544,0,3,0,7.7,0,0,0,1,1,8.37,8.37,2
545,1,3,1,35.9,2,0,1,2,0,16.54,8.27,0
546,0,2,1,21.9,2,1,0,2,0,10.33,5.16,2
547,0,1,0,42.3,2,1,0,2,0,53.19,26.6,2
548,1,3,0,30.0,2,0,0,1,1,13.31,13.31,2
549,0,3,0,35.5,2,0,0,1,1,7.16,7.16,0
550,0,3,0,16.6,1,0,0,1,1,5.38,5.38,2
551,0,3,0,21.7,2,0,1,2,0,5.0,2.5,2
552,1,3,0,23.6,2,0,0,1,1,6.02,6.02,2
553,0,3,0,42.0,2,1,0,2,0,15.24,7.62,2
554,0,3,0,53.5,2,1,0,2,0,9.72,4.86,2
555,1,3,1,18.7,2,0,0,1,1,15.81,15.81,0
556,0,2,1,45.1,2,0,0,1,1,27.95,27.95,2
557,0,1,0,0.5,0,0,0,1,1,59.5,59.5,2
558,1,1,0,13.3,1,0,0,1,1,113.26,113.26,0
559,0,3,0,16.6,1,0,1,2,0,5.17,2.58,1
560,0,3,1,11.1,0,0,1,2,0,9.46,4.73,0
561,0,3,0,7.8,0,0,0,1,1,6.68,6.68,0
562,0,1,0,35.8,2,0,1,2,0,64.28,32.14,2
563,0,1,0,27.0,2,1,0,2,0,74.48,37.24,1
564,0,1,0,35.3,2,0,0,1,1,95.17,95.17,2
565,0,2,0,39.7,2,1,0,2,0,7.1,3.55,2
566,0,3,0,33.7,2,1,1,3,0,14.68,4.89,2
567,0,2,0,39.2,2,0,0,1,1,23.76,23.76,2
568,1,2,1,29.0,2,1,1,3,0,26.06,8.69,2
569,0,3,0,13.4,1,2,0,3,0,11.66,3.89,2
570,1,2,1,44.8,2,0,1,2,0,24.53,12.26,0
571,0,3,1,21.8,2,0,1,2,0,10.75,5.38,2
572,0,3,0,16.9,1,0,0,1,1,12.98,12.98,2
573,1,2,0,27.5,2,0,0,1,1,29.36,29.36,0
574,0,3,0,17.2,1,0,2,3,0,13.43,4.48,2
575,0,3,0,24.2,2,0,0,1,1,16.2,16.2,2
576,0,3,1,34.8,2,0,0,1,1,5.0,5.0,1
577,1,1,1,34.9,2,1,1,3,0,84.78,28.26,2
578,0,3,0,17.4,1,2,0,3,0,12.15,4.05,2
579,0,3,0,23.2,2,1,1,3,0,15.8,5.27,2
580,0,2,1,45.0,2,1,1,3,0,15.13,5.04,2
581,1,3,1,36.9,2,0,0,1,1,9.59,9.59,2
582,1,3,1,59.1,2,0,0,1,1,13.44,13.44,1
583,0,3,0,46.5,2,0,0,1,1,5.0,5.0,2
584,0,2,0,46.0,2,0,0,1,1,32.86,32.86,2
585,0,3,1,10.6,0,0,0,1,1,5.6,5.6,2
586,1,2,1,40.7,2,0,0,1,1,8.59,8.59,0
587,0,1,0,29.3,2,0,0,1,1,100.63,100.63,0
588,0,1,0,22.3,2,0,0,1,1,109.86,109.86,2
589,0,1,0,32.4,2,0,1,2,0,104.44,52.22,2
590,0,1,0,43.2,2,0,0,1,1,70.83,70.83,2
591,0,1,0,37.0,2,0,0,1,1,81.49,81.49,2
592,1,3,1,17.7,1,1,0,2,0,9.24,4.62,2
593,1,1,0,40.4,2,1,2,4,0,27.27,6.82,1
594,0,2,1,21.1,2,1,2,4,0,16.95,4.24,0
595,0,3,0,33.0,2,0,0,1,1,10.98,10.98,2
596,1,3,1,25.8,2,0,0,1,1,16.56,16.56,2
597,1,3,1,26.9,2,0,0,1,1,11.72,11.72,2
598,0,1,0,40.7,2,0,0,1,1,74.45,74.45,2
599,0,1,0,15.4,1,0,0,1,1,56.91,56.91,2
600,1,1,0,57.2,2,1,0,2,0,61.1,30.55,1
601,0,1,0,4.5,0,0,0,1,1,148.22,148.22,1
602,0,2,1,21.6,2,1,0,2,0,46.71,23.36,2
603,0,1,1,35.2,2,1,0,2,0,33.52,16.76,2
604,1,1,0,38.2,2,1,0,2,0,125.13,62.56,0
605,0,1,0,28.6,2,2,2,5,0,115.8,23.16,1
606,0,3,0,29.2,2,0,0,1,1,5.0,5.0,2
607,1,1,1,35.7,2,0,0,1,1,89.2,89.2,0
608,1,2,0,26.8,2,1,0,2,0,8.98,4.49,2
609,1,3,0,49.5,2,0,1,2,0,19.27,9.64,1
610,0,3,0,41.8,2,0,0,1,1,5.0,5.0,2
611,0,1,0,42.2,2,0,1,2,0,84.38,42.19,2
612,0,3,0,16.5,1,0,0,1,1,12.43,12.43,0
613,1,3,1,28.9,2,1,0,2,0,10.59,5.3,2
614,0,1,0,25.8,2,1,0,2,0,145.75,72.88,2
615,0,3,0,15.9,1,0,0,1,1,19.45,19.45,2
616,1,3,1,35.0,2,0,0,1,1,13.54,13.54,2
617,1,1,1,22.5,2,0,0,1,1,27.78,27.78,2
618,1,2,0,39.2,2,2,1,4,0,17.39,4.35,2
619,0,3,0,15.0,1,0,1,2,0,10.89,5.44,2
620,0,3,0,54.1,2,0,0,1,1,9.99,9.99,2
621,0,1,0,17.5,1,3,0,4,0,97.6,24.4,2
622,1,1,0,33.1,2,0,0,1,1,71.93,71.93,2
623,0,2,0,41.1,2,0,0,1,1,12.73,12.73,0
624,0,3,0,22.0,2,0,0,1,1,10.05,10.05,1
625,0,3,1,41.9,2,0,1,2,0,13.63,6.82,1
626,0,2,0,12.8,1,0,0,1,1,10.75,10.75,2
627,0,3,1,50.3,2,0,1,2,0,14.54,7.27,2
628,0,3,0,30.2,2,2,0,3,0,6.39,2.13,2
629,1,1,1,21.7,2,0,1,2,0,80.43,40.22,1
630,0,2,1,25.8,2,0,0,1,1,34.22,34.22,0
631,0,3,1,41.3,2,1,0,2,0,5.0,2.5,2
632,1,3,1,21.8,2,1,0,2,0,11.99,6.0,2
633,1,3,1,19.5,2,0,0,1,1,19.28,19.28,0
634,0,3,0,26.9,2,0,0,1,1,10.16,10.16,2
635,0,1,0,13.5,1,0,2,3,0,101.04,33.68,2
636,0,2,0,55.5,2,0,1,2,0,29.16,14.58,2
637,0,3,1,22.1,2,1,0,2,0,5.0,2.5,2
638,1,2,1,41.6,2,0,0,1,1,5.0,5.0,2
639,0,2,0,32.9,2,0,0,1,1,6.87,6.87,2
640,0,2,0,16.2,1,1,1,3,0,5.0,1.67,0
641,0,1,0,29.9,2,1,1,3,0,5.0,1.67,2
642,0,2,1,41.0,2,0,0,1,1,22.4,22.4,2
643,1,1,0,27.4,2,0,0,1,1,114.23,114.23,2
644,0,2,0,46.7,2,1,0,2,0,10.41,5.2,2
645,0,1,0,44.3,2,1,2,4,0,91.99,23.0,1
646,0,3,0,42.9,2,0,2,3,0,15.69,5.23,2
647,1,3,1,23.6,2,1,1,3,0,8.07,2.69,2
648,1,3,1,14.9,1,0,0,1,1,10.84,10.84,2
649,0,3,1,21.4,2,1,0,2,0,11.43,5.72,2
650,0,3,0,32.7,2,1,1,3,0,11.61,3.87,2
651,1,1,0,37.6,2,0,2,3,0,50.71,16.9,1
652,0,3,0,0.5,0,0,0,1,1,5.0,5.0,2
653,1,3,1,29.9,2,1,0,2,0,7.06,3.53,0
654,0,3,0,32.2,2,2,0,3,0,11.98,3.99,0
655,0,2,0,26.1,2,0,0,1,1,15.48,15.48,1
656,0,1,0,48.1,2,0,0,1,1,69.73,69.73,0
657,0,2,1,35.9,2,0,0,1,1,5.0,5.0,2
658,1,2,0,48.3,2,0,0,1,1,21.02,21.02,2
659,0,3,1,27.0,2,0,0,1,1,6.22,6.22,0
660,0,3,0,43.1,2,4,0,5,0,19.48,3.9,2
661,0,2,0,52.9,2,1,2,4,0,5.0,1.25,0
662,0,3,0,48.4,2,0,0,1,1,6.47,6.47,2
663,0,3,0,14.7,1,1,0,2,0,15.84,7.92,2
664,1,1,0,26.4,2,0,0,1,1,49.53,49.53,2
665,0,1,0,25.2,2,2,0,3,0,73.16,24.39,0
666,1,1,0,36.8,2,1,0,2,0,82.87,41.44,2
667,1,2,1,39.6,2,0,1,2,0,25.63,12.82,0
668,0,1,0,18.3,2,1,1,3,0,27.35,9.12,2
669,1,1,1,30.9,2,1,0,2,0,73.69,36.84,2
670,0,2,0,1.7,0,0,0,1,1,27.95,27.95,2
671,0,1,1,50.2,2,1,0,2,0,68.35,34.17,2
672,0,3,0,22.8,2,0,0,1,1,11.77,11.77,2
673,0,1,0,30.8,2,1,0,2,0,122.89,61.44,2
674,0,3,0,25.7,2,1,0,2,0,15.64,7.82,2
675,0,2,0,46.0,2,0,0,1,1,34.57,34.57,0
676,0,3,0,0.5,0,0,0,1,1,12.5,12.5,2
677,1,1,1,29.8,2,0,1,2,0,96.62,48.31,1
678,0,2,1,28.5,2,0,0,1,1,5.0,5.0,0
679,0,3,1,23.6,2,0,0,1,1,7.6,7.6,0
680,0,3,1,54.2,2,0,1,2,0,5.0,2.5,2
681,0,3,0,17.6,1,0,0,1,1,12.51,12.51,2
682,0,2,0,40.8,2,0,0,1,1,19.48,19.48,1
683,0,1,0,35.0,2,0,0,1,1,122.95,122.95,2
684,0,3,0,47.7,2,0,0,1,1,5.0,5.0,2
685,0,3,0,20.7,2,1,2,4,0,5.0,1.25,2
686,0,3,0,19.7,2,1,0,2,0,5.61,2.8,2
687,0,3,0,45.3,2,1,0,2,0,15.48,7.74,2
688,0,2,0,36.0,2,1,0,2,0,14.39,7.2,2
689,1,3,1,8.4,0,3,1,5,0,7.23,1.45,1
690,1,1,1,22.4,2,0,0,1,1,35.96,35.96,2
691,0,2,0,35.4,2,0,0,1,1,20.4,20.4,2
692,1,2,1,41.7,2,0,1,2,0,27.83,13.92,0
693,1,3,1,20.5,2,1,0,2,0,5.0,2.5,1
694,0,2,0,0.5,0,0,0,1,1,11.93,11.93,2
695,0,1,0,37.3,2,0,0,1,1,75.16,75.16,0
696,1,3,0,12.9,1,0,1,2,0,5.0,2.5,0
697,1,2,1,1.8,0,0,0,1,1,5.0,5.0,2
698,1,3,1,0.5,0,1,0,2,0,11.4,5.7,2
699,0,1,0,41.4,2,0,1,2,0,49.55,24.78,2
700,0,3,0,31.8,2,0,0,1,1,11.39,11.39,2
701,0,3,0,26.8,2,0,0,1,1,13.65,13.65,2
702,0,1,0,49.4,2,0,0,1,1,90.75,90.75,2
703,0,2,0,38.9,2,1,1,3,0,31.53,10.51,0
704,1,1,1,52.6,2,1,0,2,0,44.98,22.49,0
705,1,1,1,10.5,0,0,0,1,1,88.45,88.45,2
706,1,3,1,29.5,2,3,1,5,0,16.69,3.34,2
707,0,2,1,7.4,0,3,0,4,0,15.44,3.86,2
708,0,3,1,26.8,2,2,0,3,0,14.38,4.79,2
709,0,2,0,26.5,2,0,0,1,1,17.58,17.58,0
710,0,3,0,38.8,2,1,0,2,0,6.25,3.12,2
711,0,3,0,30.6,2,0,1,2,0,11.31,5.66,2
712,1,3,1,38.7,2,0,0,1,1,5.0,5.0,2
713,0,3,0,39.8,2,1,0,2,0,5.92,2.96,2
714,0,2,1,60.2,3,0,0,1,1,11.11,11.11,2
715,0,2,0,25.6,2,1,0,2,0,14.83,7.42,2
716,0,3,0,16.8,1,0,0,1,1,5.98,5.98,2
717,0,3,0,33.4,2,2,0,3,0,18.01,6.0,0
718,0,3,0,18.8,2,0,2,3,0,18.99,6.33,0
719,1,1,1,50.7,2,0,0,1,1,101.55,101.55,0
720,0,3,1,26.0,2,0,0,1,1,12.72,12.72,1
721,0,3,0,22.1,2,0,1,2,0,14.29,7.14,2
722,0,1,0,23.4,2,2,0,3,0,38.0,12.67,2
723,1,1,0,40.1,2,0,0,1,1,129.2,129.2,2
724,0,3,0,27.8,2,0,2,3,0,8.78,2.93,2
725,1,3,0,21.0,2,0,1,2,0,6.26,3.13,2
726,1,3,1,53.3,2,0,0,1,1,7.9,7.9,0
727,0,1,0,18.0,1,2,2,5,0,74.28,14.86,2
728,1,3,0,30.5,2,1,0,2,0,9.43,4.72,2
729,0,1,0,39.1,2,1,1,3,0,89.81,29.94,2
730,0,1,0,7.2,0,0,1,2,0,84.64,42.32,2
731,0,1,0,36.7,2,1,2,4,0,94.84,23.71,0
732,0,3,0,15.2,1,1,1,3,0,11.03,3.68,2
733,0,3,0,41.5,2,0,0,1,1,6.6,6.6,2
734,0,3,0,16.5,1,0,0,1,1,11.45,11.45,2
735,0,2,0,39.7,2,0,0,1,1,21.71,21.71,2
736,0,3,0,45.5,2,1,0,2,0,17.95,8.98,2
737,0,2,0,42.1,2,1,1,3,0,5.0,1.67,0
738,0,3,1,33.5,2,1,0,2,0,5.83,2.92,0
739,0,2,0,26.8,2,1,1,3,0,31.57,10.52,2
740,0,2,0,21.9,2,0,0,1,1,31.49,31.49,0
741,0,3,0,50.6,2,0,0,1,1,5.0,5.0,2
742,0,2,0,20.2,2,0,0,1,1,8.71,8.71,1
743,0,3,0,15.5,1,0,0,1,1,10.65,10.65,2
744,0,3,1,39.3,2,1,1,3,0,10.42,3.47,2
745,0,1,1,18.9,2,0,1,2,0,49.2,24.6,0
746,1,3,0,16.7,1,1,0,2,0,12.22,6.11,2
747,1,2,0,9.8,0,0,0,1,1,28.88,28.88,2
748,0,3,0,23.2,2,0,1,2,0,10.97,5.48,2
749,0,3,1,28.8,2,1,0,2,0,10.28,5.14,2
750,0,3,0,33.4,2,0,0,1,1,13.32,13.32,0
751,1,1,0,43.3,2,0,0,1,1,83.62,83.62,2
752,1,3,0,37.4,2,1,0,2,0,17.72,8.86,2
753,0,3,0,27.3,2,1,1,3,0,5.0,1.67,2
754,0,2,0,27.2,2,0,1,2,0,26.45,13.22,2
755,1,1,0,37.1,2,0,0,1,1,40.08,40.08,1
756,0,3,0,47.8,2,0,0,1,1,13.36,13.36,0
757,0,3,1,31.8,2,0,0,1,1,5.0,5.0,2
758,0,3,0,23.4,2,0,1,2,0,9.86,4.93,2
759,0,3,0,16.1,1,0,0,1,1,13.96,13.96,2
760,1,3,1,9.8,0,1,1,3,0,14.97,4.99,1
761,1,1,0,39.3,2,1,0,2,0,42.54,21.27,0
762,0,2,0,38.1,2,0,0,1,1,12.84,12.84,1
763,0,2,0,38.1,2,0,2,3,0,21.27,7.09,2
764,0,3,0,28.2,2,0,0,1,1,8.04,8.04,2
765,0,1,1,49.7,2,0,1,2,0,124.41,62.2,2
766,0,3,0,23.2,2,0,0,1,1,5.55,5.55,1
767,0,3,0,43.4,2,2,1,4,0,12.17,3.04,0
768,0,3,0,29.5,2,2,0,3,0,10.66,3.55,2
769,0,2,0,21.5,2,1,0,2,0,19.03,9.52,2
770,0,3,1,38.3,2,0,0,1,1,11.07,11.07,2
771,1,1,0,35.7,2,0,1,2,0,99.46,49.73,2
772,0,3,0,35.0,2,0,0,1,1,14.39,14.39,2
773,1,1,1,31.1,2,0,0,1,1,84.96,84.96,1
774,0,2,0,29.5,2,0,2,3,0,27.67,9.22,0
775,0,3,1,63.4,3,3,2,6,0,8.84,1.47,2
776,1,1,1,46.6,2,1,0,2,0,165.28,82.64,2
777,1,1,1,40.1,2,0,0,1,1,71.64,71.64,2
778,1,3,0,31.6,2,0,1,2,0,14.56,7.28,2
779,0,3,0,44.1,2,1,0,2,0,19.9,9.95,2
780,0,3,1,37.3,2,1,0,2,0,10.93,5.46,0
781,0,3,0,30.4,2,0,1,2,0,10.42,5.21,2
782,0,3,0,25.8,2,1,2,4,0,14.25,3.56,2
783,0,2,1,28.9,2,0,0,1,1,27.22,27.22,2
784,1,2,1,0.5,0,0,0,1,1,16.83,16.83,2
785,0,1,0,32.9,2,0,1,2,0,64.41,32.2,2
786,0,3,0,23.2,2,1,0,2,0,6.78,3.39,0
787,0,3,0,52.3,2,0,0,1,1,5.0,5.0,2
788,1,2,1,30.3,2,0,0,1,1,12.24,12.24,2
789,0,3,1,13.4,1,1,1,3,0,9.7,3.23,2
790,0,3,0,29.3,2,1,1,3,0,5.46,1.82,0
791,0,1,0,15.4,1,0,0,1,1,35.64,35.64,0
792,0,3,1,36.6,2,1,1,3,0,7.61,2.54,0
793,0,3,0,34.1,2,0,1,2,0,5.0,2.5,2
794,0,3,0,43.4,2,0,0,1,1,9.53,9.53,2
795,1,1,1,18.9,2,2,2,5,0,108.29,21.66,1
796,0,3,0,30.5,2,0,0,1,1,10.09,10.09,2
797,0,3,0,10.9,0,1,0,2,0,12.43,6.22,2
798,0,3,0,39.8,2,1,0,2,0,5.64,2.82,2
799,0,3,0,37.3,2,1,0,2,0,17.44,8.72,0
800,0,3,1,36.9,2,0,1,2,0,12.81,6.4,0
801,0,3,0,30.0,2,2,1,4,0,15.24,3.81,1
802,1,1,1,35.8,2,0,1,2,0,119.68,59.84,2
803,0,3,0,52.5,2,1,0,2,0,14.12,7.06,2
804,0,3,0,26.0,2,2,1,4,0,5.63,1.41,0
805,0,2,0,31.9,2,3,2,6,0,35.39,5.9,1
806,0,3,0,14.8,1,1,0,2,0,16.73,8.36,0
807,0,3,0,17.8,1,0,0,1,1,17.8,17.8,0
808,0,3,0,31.4,2,1,0,2,0,5.0,2.5,2
809,0,3,0,45.5,2,0,0,1,1,11.25,11.25,2
810,0,1,0,26.4,2,2,0,3,0,50.77,16.92,2
811,0,3,1,26.7,2,1,0,2,0,6.51,3.26,2
812,0,3,1,24.3,2,0,0,1,1,11.42,11.42,2
813,0,1,1,22.5,2,1,0,2,0,99.62,49.81,1
814,0,3,0,34.1,2,0,0,1,1,12.26,12.26,2
815,1,3,0,9.0,0,0,0,1,1,8.4,8.4,2
816,0,3,1,47.9,2,0,0,1,1,12.57,12.57,0
817,0,3,0,20.7,2,0,1,2,0,8.2,4.1,2
818,0,2,0,40.1,2,2,0,3,0,36.38,12.13,2
819,0,1,1,12.2,1,1,0,2,0,61.43,30.72,0
820,0,2,1,39.4,2,0,1,2,0,18.34,9.17,2
821,0,3,0,39.4,2,1,0,2,0,13.99,7.0,0
822,0,1,0,35.4,2,0,2,3,0,41.86,13.95,2
823,1,2,1,16.1,1,1,0,2,0,5.0,2.5,2
824,1,2,0,33.5,2,1,0,2,0,27.76,13.88,2
825,0,3,1,13.4,1,0,0,1,1,5.0,5.0,0
826,1,3,1,26.5,2,0,1,2,0,13.48,6.74,2
827,0,2,1,44.4,2,0,1,2,0,21.38,10.69,2
828,0,2,0,41.2,2,0,1,2,0,35.33,17.66,0
829,0,3,0,30.2,2,0,0,1,1,5.0,5.0,2
830,1,3,1,16.4,1,2,0,3,0,9.06,3.02,2
831,0,1,0,39.0,2,0,0,1,1,87.91,87.91,2
832,0,3,1,30.3,2,0,0,1,1,5.0,5.0,0
833,0,1,0,0.5,0,2,1,4,0,74.39,18.6,2
834,0,1,0,41.0,2,1,1,3,0,104.97,34.99,0
835,0,3,1,29.7,2,0,0,1,1,12.13,12.13,2
836,0,2,1,46.8,2,0,1,2,0,33.23,16.61,2
837,0,3,1,14.7,1,0,0,1,1,9.26,9.26,2
838,0,2,1,0.5,0,0,0,1,1,18.14,18.14,0
839,0,3,0,33.9,2,0,0,1,1,20.09,20.09,2
840,0,3,1,34.1,2,1,1,3,0,5.0,1.67,2
841,0,1,1,6.3,0,0,0,1,1,95.74,95.74,2
842,0,3,0,16.3,1,0,1,2,0,15.35,7.68,2
843,1,1,0,68.6,3,0,0,1,1,41.56,41.56,2
844,0,3,0,25.7,2,0,1,2,0,16.46,8.23,2
845,0,1,0,40.2,2,0,1,2,0,52.87,26.44,0
846,0,2,1,20.9,2,0,2,3,0,15.15,5.05,2
847,1,1,0,0.7,0,0,0,1,1,104.44,104.44,2
848,0,3,0,27.6,2,0,0,1,1,15.66,15.66,2
849,0,3,0,26.3,2,0,1,2,0,15.53,7.76,1
850,0,3,0,24.4,2,1,0,2,0,10.22,5.11,2
851,0,1,0,28.4,2,0,0,1,1,66.12,66.12,1
852,0,3,0,33.7,2,0,2,3,0,10.96,3.65,2
853,0,1,1,27.9,2,0,0,1,1,72.73,72.73,2
854,0,3,0,12.3,1,0,0,1,1,15.12,15.12,0
855,0,1,0,36.8,2,0,0,1,1,119.01,119.01,2
856,0,1,0,2.7,0,0,0,1,1,10.85,10.85,2
857,1,1,1,1.3,0,0,2,3,0,117.11,39.04,2
858,0,3,0,40.3,2,1,0,2,0,14.92,7.46,2
859,0,3,1,37.1,2,0,0,1,1,6.08,6.08,2
860,1,1,1,29.2,2,0,0,1,1,64.18,64.18,1
861,0,3,1,10.5,0,2,0,3,0,5.0,1.67,0
862,0,3,0,20.1,2,1,0,2,0,15.16,7.58,2
863,0,3,1,26.3,2,2,0,3,0,11.61,3.87,0
864,1,2,0,7.7,0,1,1,3,0,30.91,10.3,2
865,1,2,1,19.7,2,0,0,1,1,36.63,36.63,0
866,0,3,0,39.1,2,0,0,1,1,7.05,7.05,2
867,1,1,0,50.0,2,1,2,4,0,75.55,18.89,2
868,0,1,0,24.1,2,0,0,1,1,53.4,53.4,1
869,0,3,0,40.6,2,1,0,2,0,5.0,2.5,2
870,0,3,1,3.2,0,0,0,1,1,5.09,5.09,2
871,0,2,0,39.2,2,0,0,1,1,23.88,23.88,2
872,0,2,0,18.7,2,0,0,1,1,28.21,28.21,2
873,0,3,0,34.3,2,0,0,1,1,14.51,14.51,2
874,0,2,1,26.5,2,0,0,1,1,36.86,36.86,2
875,1,1,1,48.5,2,2,0,3,0,42.44,14.15,2
876,1,1,1,17.8,1,0,1,2,0,137.79,68.9,2
877,0,3,1,38.8,2,0,0,1,1,9.06,9.06,1
878,0,3,0,26.1,2,1,0,2,0,7.94,3.97,2
879,0,1,0,27.8,2,0,0,1,1,27.74,27.74,2
880,0,1,1,27.4,2,1,0,2,0,112.25,56.12,2
881,0,1,0,18.2,2,0,0,1,1,69.76,69.76,2
882,0,3,0,29.8,2,1,0,2,0,5.0,2.5,2
883,1,1,0,29.1,2,0,0,1,1,75.22,75.22,2
884,1,1,0,33.4,2,1,0,2,0,110.39,55.2,2
885,0,3,0,31.2,2,1,1,3,0,7.45,2.48,2
886,1,1,1,41.2,2,4,0,5,0,150.32,30.06,0
887,0,3,0,42.9,2,0,0,1,1,14.53,14.53,2
888,1,1,0,15.3,1,0,0,1,1,111.85,111.85,2
889,0,1,0,42.2,2,2,0,3,0,104.16,34.72,2
890,1,2,1,13.4,1,4,0,5,0,14.81,2.96,2
891,0,3,0,38.2,2,0,2,3,0,8.84,2.95,2
892,0,3,1,38.7,2,0,1,2,0,5.2,2.6,1
893,1,3,1,3.2,0,0,1,2,0,14.23,7.12,2
894,0,2,0,31.3,2,1,0,2,0,30.63,15.32,2
895,1,3,1,23.4,2,1,0,2,0,14.86,7.43,2
896,1,1,1,19.4,2,0,0,1,1,117.09,117.09,0
897,0,2,1,48.9,2,0,2,3,0,16.48,5.49,2
898,1,3,1,20.8,2,0,1,2,0,8.23,4.12,2
899,1,1,0,18.7,2,0,0,1,1,135.88,135.88,1
900,1,1,0,31.1,2,0,0,1,1,61.12,61.12,2
901,0,1,0,39.6,2,0,0,1,1,101.06,101.06,2
902,0,1,0,28.0,2,0,0,1,1,120.16,120.16,0
903,0,1,1,46.3,2,0,0,1,1,53.11,53.11,2
904,0,3,0,37.4,2,1,0,2,0,5.0,2.5,2
905,1,2,1,0.5,0,0,0,1,1,20.99,20.99,1
906,0,3,1,22.6,2,0,0,1,1,16.46,16.46,2
907,0,3,1,22.1,2,1,1,3,0,8.88,2.96,2
908,0,2,1,36.7,2,0,0,1,1,16.45,16.45,1
909,1,2,0,0.5,0,1,0,2,0,18.66,9.33,2
910,0,2,0,65.7,3,1,0,2,0,19.91,9.96,2
911,0,3,0,37.4,2,0,0,1,1,9.17,9.17,2
912,0,2,0,32.1,2,0,0,1,1,17.8,17.8,0
913,0,3,0,46.5,2,1,0,2,0,10.89,5.44,2
914,0,2,0,62.8,3,0,0,1,1,23.11,23.11,0
915,0,3,1,42.2,2,0,0,1,1,16.8,16.8,2
916,0,2,0,43.3,2,0,0,1,1,17.11,17.11,2
917,0,2,0,31.8,2,0,1,2,0,29.19,14.6,2
918,0,3,1,28.0,2,1,0,2,0,15.83,7.92,2
919,0,3,0,23.3,2,0,0,1,1,8.06,8.06,2
920,0,1,0,18.4,2,0,1,2,0,47.45,23.72,2
921,0,3,1,20.4,2,1,1,3,0,16.03,5.34,2
922,1,3,0,11.1,0,0,0,1,1,10.68,10.68,0
923,1,3,1,28.9,2,0,0,1,1,10.7,10.7,2
924,0,3,0,6.4,0,1,0,2,0,6.83,3.42,2
925,0,2,1,32.7,2,1,0,2,0,19.93,9.96,2
926,1,1,0,29.5,2,0,0,1,1,114.5,114.5,0
927,0,2,0,32.1,2,1,0,2,0,39.25,19.62,2
928,0,3,0,22.7,2,2,0,3,0,13.92,4.64,1
929,1,3,1,73.1,3,1,0,2,0,13.96,6.98,1
930,0,2,0,49.0,2,1,1,3,0,34.65,11.55,2
931,0,1,0,12.6,1,0,4,5,0,50.22,10.04,2
932,0,3,1,33.3,2,1,0,2,0,9.12,4.56,2
933,1,3,1,21.5,2,0,0,1,1,16.05,16.05,2
934,0,3,0,15.8,1,0,0,1,1,8.13,8.13,2
935,1,1,1,11.2,0,0,2,3,0,100.95,33.65,2
936,0,2,0,36.1,2,0,0,1,1,26.59,26.59,2
937,0,1,0,20.5,2,0,0,1,1,80.21,80.21,2
938,1,3,0,43.5,2,0,0,1,1,8.82,8.82,2
939,0,1,1,43.9,2,0,0,1,1,92.03,92.03,2
940,1,3,1,49.2,2,0,0,1,1,13.99,13.99,0
941,1,2,0,18.1,2,0,1,2,0,21.08,10.54,2
942,0,3,0,36.7,2,0,1,2,0,10.5,5.25,0
943,0,3,0,38.9,2,0,1,2,0,10.66,5.33,1
944,1,3,1,23.4,2,1,1,3,0,5.0,1.67,0
945,1,1,1,19.2,2,2,0,3,0,64.75,21.58,0
946,0,1,0,52.5,2,1,0,2,0,57.57,28.78,2
947,1,1,1,33.2,2,0,1,2,0,76.24,38.12,2
948,0,3,1,38.9,2,0,0,1,1,8.98,8.98,2
949,0,3,0,18.5,2,1,0,2,0,13.38,6.69,1
950,0,3,0,12.9,1,1,0,2,0,9.45,4.72,2
951,0,3,0,22.0,2,1,1,3,0,10.07,3.36,2
952,0,3,1,28.3,2,0,0,1,1,11.26,11.26,2
953,1,1,1,15.1,1,0,3,4,0,66.46,16.61,2
954,0,3,0,29.9,2,1,0,2,0,6.62,3.31,0
955,1,2,1,6.4,0,0,0,1,1,13.35,13.35,2
956,1,2,0,14.3,1,1,1,3,0,32.94,10.98,2
957,0,3,0,39.4,2,0,0,1,1,8.34,8.34,2
958,0,1,1,38.5,2,0,0,1,1,99.11,99.11,2
959,0,1,1,24.5,2,0,0,1,1,126.75,126.75,2
960,0,3,0,15.8,1,0,1,2,0,5.0,2.5,2
961,0,1,0,15.6,1,0,1,2,0,82.97,41.48,2
962,1,3,0,24.8,2,1,0,2,0,11.86,5.93,0
963,0,2,0,39.0,2,0,2,3,0,22.31,7.44,2
964,0,2,0,43.0,2,0,0,1,1,12.25,12.25,2
965,0,2,0,23.0,2,0,0,1,1,41.43,41.43,1
966,0,2,1,13.9,1,0,0,1,1,34.4,34.4,2
967,0,3,0,33.7,2,0,1,2,0,14.77,7.38,0
968,0,2,1,18.5,2,0,1,2,0,18.73,9.36,2
969,0,3,1,22.7,2,2,0,3,0,6.33,2.11,2
970,0,3,0,48.6,2,0,0,1,1,5.55,5.55,1
971,1,3,0,41.6,2,0,0,1,1,8.62,8.62,2
972,0,3,1,32.2,2,1,1,3,0,5.0,1.67,2
973,0,3,0,12.2,1,0,0,1,1,10.61,10.61,0
974,1,1,1,33.0,2,1,0,2,0,89.83,44.92,2
975,1,1,1,44.9,2,0,0,1,1,106.16,106.16,2
976,1,2,1,24.7,2,0,0,1,1,24.28,24.28,2
977,0,3,1,48.9,2,0,0,1,1,14.09,14.09,0
978,0,1,0,48.1,2,0,0,1,1,61.86,61.86,0
979,0,3,0,53.3,2,0,0,1,1,5.0,5.0,2
980,0,3,0,34.3,2,0,0,1,1,12.22,12.22,2
981,0,2,0,38.2,2,0,1,2,0,45.27,22.64,2
982,0,3,0,49.8,2,1,0,2,0,5.0,2.5,0
983,0,1,0,36.3,2,0,1,2,0,89.44,44.72,2
984,1,1,1,23.0,2,1,1,3,0,48.46,16.15,0
985,1,3,0,23.7,2,1,2,4,0,5.75,1.44,2
986,0,3,0,33.3,2,0,0,1,1,14.01,14.01,2
987,0,3,0,11.9,0,1,0,2,0,18.55,9.28,2
988,0,2,0,28.0,2,0,0,1,1,44.63,44.63,1
989,0,2,0,45.4,2,1,0,2,0,16.93,8.46,2
990,0,3,0,0.5,0,2,1,4,0,5.28,1.32,0
991,1,3,0,51.5,2,2,0,3,0,10.72,3.57,0
992,0,3,0,45.7,2,0,1,2,0,14.37,7.18,2
993,0,2,1,23.6,2,0,1,2,0,31.42,15.71,2
994,0,3,1,37.6,2,0,0,1,1,8.55,8.55,2
995,0,2,1,30.0,2,1,0,2,0,5.0,2.5,2
996,0,1,0,47.2,2,0,0,1,1,79.95,79.95,2
997,0,3,1,43.8,2,0,0,1,1,15.75,15.75,2
998,1,1,1,10.4,0,1,2,4,0,94.48,23.62,2
999,0,3,0,38.2,2,0,0,1,1,6.46,6.46,2
1000,0,2,1,27.1,2,0,0,1,1,16.2,16.2,2
1001,0,1,0,31.2,2,1,0,2,0,98.3,49.15,1
1002,0,3,1,19.8,2,1,0,2,0,18.0,9.0,0
1003,1,3,1,54.5,2,0,0,1,1,17.05,17.05,2
1004,0,3,0,44.6,2,1,0,2,0,7.33,3.66,0
1005,0,3,1,19.6,2,0,0,1,1,18.92,18.92,2
1006,0,3,0,11.3,0,0,0,1,1,9.98,9.98,2
1007,0,3,1,24.6,2,0,2,3,0,22.95,7.65,2
1008,0,3,0,36.1,2,0,0,1,1,10.72,10.72,2
1009,0,2,1,33.4,2,0,0,1,1,10.98,10.98,1
1010,0,3,0,47.5,2,0,0,1,1,17.0,17.0,2
1011,0,1,0,41.1,2,0,0,1,1,62.63,62.63,0
1012,1,3,0,43.6,2,1,1,3,0,12.55,4.18,2
1013,1,3,1,34.6,2,0,0,1,1,9.29,9.29,2
1014,0,1,1,10.5,0,0,0,1,1,87.57,87.57,2
1015,0,3,1,27.3,2,0,2,3,0,5.92,1.97,1
1016,0,3,1,44.8,2,0,0,1,1,10.76,10.76,2
1017,0,1,0,29.3,2,0,0,1,1,29.05,29.05,2
1018,0,3,0,37.0,2,0,0,1,1,5.0,5.0,0
1019,0,3,0,25.5,2,0,0,1,1,10.25,10.25,2
1020,1,1,0,15.6,1,0,0,1,1,136.57,136.57,2
1021,0,3,0,28.3,2,0,0,1,1,14.63,14.63,2
1022,0,2,0,34.3,2,1,0,2,0,12.64,6.32,2
1023,1,3,0,20.8,2,1,0,2,0,18.73,9.36,2
1024,0,3,0,26.7,2,0,1,2,0,7.15,3.58,2
1025,0,3,0,16.8,1,0,1,2,0,5.0,2.5,2
1026,1,3,0,45.7,2,0,0,1,1,5.0,5.0,2
1027,0,3,1,25.9,2,0,0,1,1,5.0,5.0,0
1028,1,3,1,50.3,2,0,0,1,1,14.08,14.08,2
1029,0,2,1,51.4,2,1,0,2,0,26.94,13.47,2
1030,0,3,0,28.9,2,0,0,1,1,12.3,12.3,2
1031,0,1,0,15.9,1,1,0,2,0,62.47,31.24,0
1032,0,3,1,0.8,0,0,0,1,1,5.0,5.0,2
1033,0,1,0,9.4,0,1,1,3,0,50.96,16.99,2
1034,1,1,0,10.8,0,0,0,1,1,114.43,114.43,1
1035,0,1,0,49.3,2,0,0,1,1,62.42,62.42,2
1036,0,3,0,31.6,2,0,1,2,0,16.77,8.38,2
1037,0,2,0,35.5,2,1,1,3,0,12.61,4.2,2
1038,0,3,0,0.5,0,0,0,1,1,8.08,8.08,2
1039,1,1,1,13.2,1,0,0,1,1,73.99,73.99,2
1040,0,2,0,42.4,2,0,0,1,1,10.41,10.41,2
1041,0,3,0,34.0,2,0,1,2,0,14.63,7.32,2
1042,0,3,1,27.9,2,0,0,1,1,16.77,16.77,2
1043,1,2,0,37.9,2,1,1,3,0,12.3,4.1,0
1044,0,3,0,52.9,2,0,0,1,1,16.25,16.25,2
1045,0,3,1,26.9,2,0,0,1,1,7.49,7.49,0
1046,1,3,0,31.0,2,0,0,1,1,7.28,7.28,2
1047,1,1,0,32.7,2,0,0,1,1,67.04,67.04,2
1048,0,1,0,63.5,3,2,0,3,0,153.23,51.08,2
1049,0,3,0,0.6,0,0,1,2,0,14.11,7.06,2
1050,1,1,0,39.6,2,1,1,3,0,115.38,38.46,2
1051,1,3,1,28.4,2,0,0,1,1,7.54,7.54,1
1052,0,3,0,37.9,2,0,1,2,0,13.37,6.68,1
1053,0,3,0,20.8,2,1,2,4,0,8.62,2.15,2
1054,0,3,0,29.3,2,2,0,3,0,8.36,2.79,2
1055,0,3,0,40.0,2,1,0,2,0,10.24,5.12,2
1056,0,2,0,73.6,3,0,0,1,1,25.56,25.56,2
1057,0,3,0,41.3,2,0,0,1,1,11.95,11.95,2
1058,0,2,0,18.1,2,0,0,1,1,17.93,17.93,2
1059,0,3,0,24.1,2,0,0,1,1,14.24,14.24,2
1060,1,3,0,23.7,2,0,0,1,1,8.89,8.89,2
1061,0,3,0,4.9,0,0,2,3,0,6.73,2.24,0
1062,0,3,1,25.4,2,0,1,2,0,5.0,2.5,2
1063,0,3,0,40.3,2,1,0,2,0,14.92,7.46,2
1064,0,2,0,12.2,1,0,0,1,1,24.14,24.14,2
1065,0,2,0,44.7,2,0,0,1,1,10.51,10.51,1
1066,0,3,1,36.8,2,0,0,1,1,15.23,15.23,1
1067,0,1,0,19.7,2,0,2,3,0,102.41,34.14,2
1068,1,1,1,28.0,2,0,1,2,0,40.36,20.18,0
1069,1,2,1,52.4,2,0,0,1,1,8.61,8.61,2
1070,0,2,1,40.3,2,1,1,3,0,13.46,4.49,2
1071,0,2,0,30.1,2,0,0,1,1,7.76,7.76,2
1072,0,1,0,26.7,2,1,0,2,0,117.71,58.86,2
1073,1,1,1,31.1,2,0,0,1,1,107.45,107.45,0
1074,0,1,1,22.8,2,2,0,3,0,81.14,27.05,2
1075,0,3,1,0.5,0,0,0,1,1,13.96,13.96,2
1076,0,2,0,58.6,2,0,0,1,1,13.43,13.43,2
1077,0,2,0,32.2,2,0,0,1,1,29.08,29.08,2
1078,0,3,0,35.6,2,1,0,2,0,16.42,8.21,2
1079,1,1,1,29.2,2,1,0,2,0,93.32,46.66,0
1080,0,3,0,19.7,2,0,1,2,0,7.46,3.73,1
1081,0,3,0,27.4,2,1,0,2,0,9.15,4.58,2
1082,0,1,1,7.6,0,0,0,1,1,38.38,38.38,2
1083,0,2,0,61.9,3,1,0,2,0,28.64,14.32,2
1084,0,3,1,12.7,1,0,0,1,1,14.46,14.46,2
1085,0,3,0,15.6,1,1,0,2,0,14.08,7.04,0
1086,0,3,0,23.8,2,0,1,2,0,11.26,5.63,2
1087,0,3,0,48.0,2,1,0,2,0,12.08,6.04,0
1088,0,1,1,30.2,2,0,0,1,1,182.87,182.87,0
1089,0,3,0,12.7,1,0,0,1,1,6.24,6.24,2
1090,0,1,0,47.6,2,1,0,2,0,40.65,20.32,2
1091,1,3,1,40.2,2,0,0,1,1,14.19,14.19,0
1092,0,3,0,37.5,2,0,1,2,0,13.62,6.81,2
1093,0,3,0,40.0,2,1,1,3,0,7.43,2.48,2
1094,0,3,0,63.5,3,0,0,1,1,14.55,14.55,1
1095,0,1,0,60.6,3,0,0,1,1,91.41,91.41,2
1096,0,1,0,20.4,2,1,0,2,0,126.05,63.02,2
1097,0,1,0,52.7,2,0,1,2,0,119.31,59.66,2
1098,0,1,0,35.4,2,1,0,2,0,105.94,52.97,0
1099,0,3,0,37.0,2,3,2,6,0,5.0,0.83,2
1100,1,2,1,6.3,0,1,1,3,0,23.13,7.71,2
1101,1,1,0,27.6,2,1,1,3,0,101.17,33.72,0
1102,0,3,0,18.6,2,1,2,4,0,8.1,2.02,0
1103,0,3,0,41.6,2,0,1,2,0,10.97,5.48,0
1104,0,3,0,45.0,2,0,0,1,1,6.51,6.51,0
1105,0,3,0,1.0,0,1,0,2,0,9.64,4.82,1
1106,0,1,0,29.7,2,0,1,2,0,19.55,9.78,2
1107,0,2,1,45.7,2,1,0,2,0,11.08,5.54,2
1108,0,3,0,27.4,2,1,0,2,0,12.43,6.22,2
1109,1,3,1,40.2,2,0,1,2,0,5.49,2.74,2
1110,1,1,1,34.9,2,2,1,4,0,74.94,18.74,2
1111,1,3,0,34.8,2,1,0,2,0,5.0,2.5,2
1112,1,1,0,26.2,2,0,0,1,1,32.93,32.93,0
1113,0,1,0,13.0,1,0,2,3,0,64.1,21.37,2
1114,0,3,1,14.3,1,0,0,1,1,5.77,5.77,2
1115,0,3,0,39.9,2,0,1,2,0,6.34,3.17,0
1116,0,3,0,30.3,2,0,0,1,1,10.97,10.97,0
1117,0,1,0,28.1,2,0,1,2,0,73.46,36.73,2
1118,0,3,1,24.1,2,0,1,2,0,21.14,10.57,2
1119,0,2,1,25.7,2,0,1,2,0,19.18,9.59,2
1120,0,1,0,44.7,2,0,0,1,1,91.35,91.35,0
1121,1,3,1,25.3,2,1,1,3,0,14.72,4.91,1
1122,0,3,0,11.2,0,0,0,1,1,14.62,14.62,2
1123,0,3,0,40.4,2,2,1,4,0,11.17,2.79,2
1124,0,3,1,27.1,2,0,1,2,0,9.19,4.6,2
1125,1,3,0,30.4,2,1,0,2,0,20.12,10.06,2
1126,0,3,0,52.5,2,1,1,3,0,9.5,3.17,2
1127,1,1,0,29.7,2,2,0,3,0,114.7,38.23,1
1128,1,2,1,34.0,2,0,0,1,1,24.34,24.34,2
1129,1,2,1,13.5,1,1,1,3,0,19.84,6.61,0
1130,0,2,0,26.9,2,2,0,3,0,11.12,3.71,2
1131,0,3,1,38.5,2,0,0,1,1,5.0,5.0,2
1132,0,3,0,8.2,0,0,0,1,1,9.97,9.97,0
1133,0,1,0,32.8,2,0,0,1,1,65.79,65.79,1
1134,0,1,0,31.4,2,0,0,1,1,74.55,74.55,1
1135,0,3,0,30.6,2,1,0,2,0,5.0,2.5,0
1136,0,1,0,44.5,2,1,0,2,0,82.77,41.38,2
1137,1,3,1,34.7,2,0,0,1,1,9.32,9.32,2
1138,0,3,0,50.7,2,1,1,3,0,9.01,3.0,2
1139,0,3,0,16.1,1,0,1,2,0,7.25,3.62,2
1140,0,3,0,31.9,2,1,0,2,0,9.6,4.8,2
1141,0,3,0,31.2,2,0,0,1,1,5.0,5.0,2
1142,1,2,1,15.0,1,1,0,2,0,27.58,13.79,2
1143,0,3,0,43.4,2,1,2,4,0,5.0,1.25,2
1144,1,3,0,62.5,3,0,1,2,0,9.87,4.93,2
1145,1,2,1,29.8,2,1,0,2,0,15.96,7.98,2
1146,0,3,0,37.1,2,1,1,3,0,15.08,5.03,1
1147,0,3,0,31.2,2,2,0,3,0,18.78,6.26,2
1148,0,3,0,20.0,2,1,0,2,0,8.34,4.17,2
1149,0,3,0,4.5,0,0,1,2,0,16.95,8.48,2
1150,1,3,1,20.1,2,1,1,3,0,8.42,2.81,2
1151,1,3,1,10.5,0,0,0,1,1,5.17,5.17,0
1152,0,3,0,53.9,2,0,1,2,0,18.73,9.36,2
1153,0,3,1,28.4,2,2,0,3,0,12.6,4.2,2
1154,0,3,0,25.2,2,0,0,1,1,10.02,10.02,2
1155,0,3,0,42.4,2,1,0,2,0,13.44,6.72,2
1156,0,3,0,14.3,1,0,0,1,1,11.37,11.37,0
1157,0,1,0,19.3,2,0,1,2,0,123.2,61.6,2
1158,0,3,0,31.0,2,0,1,2,0,5.0,2.5,2
1159,0,3,0,44.4,2,0,0,1,1,8.65,8.65,2
1160,1,1,1,37.0,2,1,0,2,0,112.06,56.03,0
1161,1,3,0,33.5,2,2,2,5,0,9.39,1.88,0
1162,1,1,0,31.1,2,0,0,1,1,34.93,34.93,2
1163,0,2,0,35.6,2,0,0,1,1,5.24,5.24,2
1164,0,3,0,32.8,2,0,0,1,1,5.61,5.61,0
1165,0,1,0,15.6,1,1,1,3,0,63.68,21.23,0
1166,0,3,0,30.6,2,0,0,1,1,9.21,9.21,2
1167,1,3,1,15.0,1,0,0,1,1,7.38,7.38,2
1168,0,3,0,31.1,2,0,0,1,1,11.68,11.68,0
1169,1,1,0,23.3,2,0,0,1,1,65.45,65.45,2
1170,0,2,0,65.6,3,0,1,2,0,13.93,6.96,2
1171,0,3,0,29.4,2,0,2,3,0,15.27,5.09,2
1172,1,3,0,10.3,0,0,0,1,1,10.74,10.74,2
1173,0,3,1,28.1,2,0,0,1,1,6.49,6.49,2
1174,0,2,0,37.3,2,1,1,3,0,37.47,12.49,2
1175,0,3,0,53.4,2,0,0,1,1,16.89,16.89,2
1176,0,3,0,21.7,2,0,0,1,1,11.47,11.47,2
1177,1,3,0,7.8,0,0,0,1,1,12.96,12.96,2
1178,1,1,0,41.4,2,1,0,2,0,88.69,44.34,1
1179,1,3,1,10.7,0,1,0,2,0,15.13,7.56,2
1180,0,3,0,23.9,2,1,1,3,0,21.59,7.2,2
1181,0,3,1,26.4,2,0,0,1,1,6.04,6.04,2
1182,0,2,0,29.0,2,1,0,2,0,27.43,13.72,2
1183,1,3,1,39.6,2,1,1,3,0,10.88,3.63,2
1184,1,3,0,20.4,2,1,1,3,0,14.38,4.79,0
1185,1,1,1,26.2,2,1,1,3,0,121.13,40.38,0
1186,0,3,0,29.8,2,1,0,2,0,5.0,2.5,1
1187,1,3,1,32.1,2,0,1,2,0,9.46,4.73,2
1188,0,1,0,31.4,2,0,0,1,1,125.43,125.43,2
1189,0,2,0,36.1,2,0,0,1,1,8.65,8.65,2
1190,0,3,0,41.8,2,0,1,2,0,13.04,6.52,2
1191,1,1,1,35.5,2,1,1,3,0,81.66,27.22,2
1192,1,3,0,36.4,2,1,0,2,0,11.2,5.6,2
1193,0,2,1,7.8,0,0,1,2,0,19.68,9.84,0
1194,0,3,0,30.7,2,0,0,1,1,14.15,14.15,0
1195,0,1,0,36.7,2,0,0,1,1,94.67,94.67,0
1196,0,3,0,40.2,2,1,0,2,0,5.23,2.62,2
1197,0,3,1,20.3,2,0,0,1,1,8.67,8.67,1
1198,1,3,1,20.8,2,0,0,1,1,7.54,7.54,1
1199,0,3,1,22.0,2,1,0,2,0,5.98,2.99,2
1200,0,1,0,37.5,2,0,0,1,1,61.99,61.99,2
1201,0,3,0,44.5,2,0,0,1,1,20.86,20.86,2
1202,1,1,1,24.3,2,0,0,1,1,65.35,65.35,2
1203,1,1,0,42.7,2,0,2,3,0,18.42,6.14,0
1204,0,2,1,31.7,2,1,0,2,0,11.47,5.74,0
1205,1,3,1,28.3,2,1,1,3,0,15.54,5.18,1
1206,1,3,1,27.0,2,0,0,1,1,16.53,16.53,0
1207,1,3,1,40.5,2,0,1,2,0,5.0,2.5,2
1208,0,2,0,34.6,2,4,0,5,0,28.61,5.72,2
1209,0,2,0,61.9,3,0,1,2,0,13.77,6.88,2
1210,0,3,1,18.1,2,0,0,1,1,18.79,18.79,2
1211,0,2,0,37.3,2,0,0,1,1,30.99,30.99,2
1212,0,3,1,22.6,2,0,0,1,1,5.88,5.88,1
1213,1,1,1,17.8,1,0,1,2,0,50.83,25.42,0
1214,0,3,0,29.8,2,1,0,2,0,8.56,4.28,2
1215,1,3,1,31.9,2,2,1,4,0,12.63,3.16,2
1216,0,1,0,70.9,3,0,0,1,1,108.16,108.16,2
1217,1,1,0,27.4,2,1,0,2,0,102.71,51.36,2
1218,0,3,0,14.2,1,0,0,1,1,19.19,19.19,0
1219,0,3,0,33.8,2,0,0,1,1,18.03,18.03,2
1220,1,2,0,1.0,0,0,2,3,0,40.73,13.58,1
1221,0,3,0,28.7,2,0,0,1,1,10.36,10.36,2
1222,1,1,1,30.2,2,0,0,1,1,109.76,109.76,2
1223,1,2,1,41.1,2,0,0,1,1,39.55,39.55,1
1224,0,3,0,43.6,2,1,0,2,0,8.32,4.16,0
1225,0,2,0,23.0,2,0,1,2,0,15.49,7.74,1
1226,0,3,1,27.9,2,0,0,1,1,24.99,24.99,0
1227,0,2,0,19.3,2,0,0,1,1,17.82,17.82,2
1228,0,2,0,14.2,1,1,0,2,0,13.55,6.78,2
1229,0,3,0,34.3,2,1,0,2,0,10.86,5.43,2
1230,0,2,0,12.2,1,0,0,1,1,20.89,20.89,2
1231,0,3,0,24.2,2,0,0,1,1,7.38,7.38,1
1232,0,1,1,16.1,1,0,1,2,0,75.31,37.66,0
1233,1,1,0,37.7,2,0,0,1,1,73.25,73.25,0
1234,1,1,0,55.2,2,0,0,1,1,61.18,61.18,0
1235,0,3,0,11.8,0,0,1,2,0,13.79,6.9,2
1236,1,2,0,4.1,0,1,0,2,0,22.0,11.0,0
1237,0,3,1,28.3,2,1,0,2,0,14.52,7.26,2
1238,1,3,1,30.2,2,0,1,2,0,5.0,2.5,2
1239,1,3,1,33.1,2,2,0,3,0,5.0,1.67,2
1240,0,1,0,23.8,2,0,0,1,1,65.4,65.4,2
1241,1,3,1,27.2,2,0,0,1,1,11.43,11.43,2
1242,1,3,1,35.1,2,0,0,1,1,16.63,16.63,2
1243,0,3,1,44.6,2,2,0,3,0,10.29,3.43,2
1244,0,3,0,2.6,0,0,1,2,0,8.77,4.38,1
1245,0,3,0,24.8,2,0,0,1,1,12.9,12.9,2
1246,1,3,0,33.0,2,0,0,1,1,5.65,5.65,1
1247,1,1,1,17.1,1,2,0,3,0,32.62,10.87,2
1248,0,1,0,54.2,2,0,0,1,1,86.12,86.12,2
1249,0,3,0,21.1,2,0,2,3,0,10.41,3.47,0
1250,0,3,1,29.4,2,0,0,1,1,9.35,9.35,0
1251,1,3,1,37.8,2,1,0,2,0,5.98,2.99,0
1252,0,3,1,21.7,2,0,0,1,1,10.83,10.83,2
1253,1,1,0,4.1,0,0,0,1,1,91.18,91.18,2
1254,1,1,1,24.0,2,1,1,3,0,85.03,28.34,2
1255,0,3,0,44.4,2,3,0,4,0,5.0,1.25,2
1256,0,2,0,25.3,2,0,0,1,1,7.13,7.13,0
1257,1,1,0,18.1,2,0,1,2,0,90.8,45.4,2
1258,0,3,0,43.0,2,0,0,1,1,14.35,14.35,2
1259,0,1,0,25.4,2,0,0,1,1,88.47,88.47,2
1260,0,3,1,22.9,2,1,0,2,0,12.54,6.27,2
1261,0,2,0,32.1,2,1,0,2,0,11.73,5.86,2
1262,1,3,1,40.8,2,1,0,2,0,14.43,7.22,0
1263,0,2,0,63.3,3,2,1,4,0,25.6,6.4,2
1264,0,3,0,41.6,2,1,0,2,0,5.0,2.5,1
1265,0,1,0,46.2,2,0,1,2,0,78.45,39.22,2
1266,1,1,0,22.9,2,0,0,1,1,56.84,56.84,1
1267,0,2,0,15.6,1,0,0,1,1,6.2,6.2,2
1268,0,3,0,30.9,2,0,0,1,1,5.0,5.0,2
1269,0,3,0,31.5,2,0,0,1,1,16.61,16.61,2
1270,0,2,0,14.9,1,0,1,2,0,17.97,8.98,2
1271,0,3,0,27.5,2,0,0,1,1,5.0,5.0,2
1272,0,3,1,35.6,2,0,0,1,1,10.5,10.5,2
1273,0,3,0,35.0,2,1,0,2,0,15.46,7.73,0
1274,1,1,1,37.1,2,1,1,3,0,92.55,30.85,2
1275,1,3,1,34.1,2,2,0,3,0,15.5,5.17,2
1276,0,1,1,22.9,2,1,1,3,0,109.83,36.61,2
1277,1,2,1,22.8,2,3,1,5,0,22.01,4.4,2
1278,0,3,0,13.2,1,0,0,1,1,5.38,5.38,1
1279,1,1,1,55.0,2,1,2,4,0,18.85,4.71,1
1280,0,3,1,30.2,2,0,0,1,1,13.2,13.2,2
1281,0,3,0,26.9,2,0,0,1,1,24.24,24.24,2
1282,0,3,0,17.0,1,1,0,2,0,7.66,3.83,2
1283,0,3,0,71.1,3,0,1,2,0,6.38,3.19,2
1284,1,1,1,15.0,1,0,0,1,1,87.78,87.78,2
1285,0,2,1,24.0,2,1,1,3,0,33.82,11.27,2
1286,0,3,0,35.8,2,0,0,1,1,8.17,8.17,2
1287,1,1,0,38.4,2,0,3,4,0,110.74,27.68,0
1288,0,2,0,43.4,2,2,1,4,0,15.05,3.76,2
1289,1,1,0,55.3,2,0,0,1,1,50.09,50.09,2
1290,1,1,1,37.1,2,1,1,3,0,48.28,16.09,2
1291,0,2,0,15.2,1,0,1,2,0,18.5,9.25,2
1292,0,1,0,26.4,2,0,0,1,1,79.2,79.2,0
1293,0,3,0,34.3,2,0,1,2,0,9.96,4.98,2
1294,0,3,1,59.0,2,1,0,2,0,14.72,7.36,2
1295,0,3,0,10.4,0,0,0,1,1,18.8,18.8,2
1296,0,1,1,46.8,2,0,1,2,0,92.18,46.09,2
1297,0,1,0,32.5,2,0,0,1,1,42.0,42.0,2
1298,0,1,0,41.7,2,0,0,1,1,115.02,115.02,2
1299,0,3,0,28.6,2,0,2,3,0,10.94,3.65,2
1300,0,3,0,18.2,2,0,0,1,1,7.31,7.31,2
1301,0,1,0,40.5,2,1,0,2,0,108.03,54.02,2
1302,1,3,1,39.2,2,1,0,2,0,15.52,7.76,2
1303,1,1,1,43.6,2,3,0,4,0,118.19,29.55,1
1304,0,3,1,29.8,2,0,0,1,1,12.46,12.46,0
1305,0,3,0,21.6,2,1,2,4,0,7.7,1.92,2
1306,0,3,1,8.2,0,0,0,1,1,12.3,12.3,2
1307,0,3,0,41.5,2,0,1,2,0,5.52,2.76,2
1308,0,3,0,35.9,2,0,0,1,1,15.98,15.98,0
1309,0,2,0,16.5,1,1,0,2,0,31.6,15.8,2
1310,0,3,0,22.5,2,0,0,1,1,12.84,12.84,2
1311,1,1,1,23.5,2,1,1,3,0,84.31,28.1,2
1312,0,3,0,9.2,0,0,0,1,1,6.27,6.27,2
1313,0,3,0,18.6,2,1,0,2,0,6.9,3.45,2
1314,0,3,0,14.1,1,0,1,2,0,13.76,6.88,2
1315,0,3,0,24.2,2,1,0,2,0,6.16,3.08,0
1316,0,3,0,19.7,2,0,4,5,0,17.23,3.45,2
1317,0,3,0,7.2,0,0,0,1,1,8.38,8.38,0
1318,1,3,1,58.3,2,0,0,1,1,12.51,12.51,2
1319,1,1,1,47.5,2,2,0,3,0,54.23,18.08,1
1320,0,1,0,19.1,2,0,2,3,0,80.82,26.94,2
1321,0,2,0,33.8,2,1,0,2,0,29.12,14.56,0
1322,1,1,0,35.8,2,0,2,3,0,78.41,26.14,2
1323,0,3,1,46.7,2,1,1,3,0,14.76,4.92,0
1324,0,1,0,18.5,2,1,0,2,0,86.1,43.05,2
1325,0,3,0,45.3,2,1,0,2,0,7.42,3.71,2
1326,0,2,0,22.3,2,0,0,1,1,21.52,21.52,2
1327,0,1,0,11.3,0,0,0,1,1,87.82,87.82,0
1328,0,3,0,40.1,2,0,0,1,1,8.6,8.6,2
1329,1,3,1,48.1,2,0,2,3,0,10.39,3.46,0
1330,0,3,0,66.2,3,0,0,1,1,7.87,7.87,2
1331,1,3,0,13.2,1,0,0,1,1,13.53,13.53,2
1332,0,3,1,39.8,2,1,0,2,0,10.78,5.39,2
1333,1,1,1,24.3,2,0,0,1,1,102.61,102.61,1
1334,0,3,0,41.0,2,0,0,1,1,5.16,5.16,2
1335,0,3,0,9.4,0,0,0,1,1,5.0,5.0,2
1336,0,3,0,12.3,1,1,0,2,0,5.84,2.92,1
1337,1,1,1,19.1,2,1,0,2,0,34.84,17.42,2
1338,0,3,0,31.1,2,0,1,2,0,16.62,8.31,2
1339,0,1,1,21.0,2,2,0,3,0,69.44,23.15,2
1340,1,1,1,39.2,2,1,0,2,0,50.11,25.06,2
1341,1,2,0,44.4,2,1,0,2,0,5.0,2.5,2
1342,0,3,0,38.4,2,2,0,3,0,13.87,4.62,2
1343,0,3,0,52.7,2,1,2,4,0,11.43,2.86,2
1344,0,3,0,35.8,2,0,0,1,1,19.02,19.02,1
1345,0,3,0,13.0,1,0,0,1,1,9.51,9.51,1
1346,0,2,1,49.1,2,0,1,2,0,16.43,8.22,2
1347,1,2,1,21.5,2,1,0,2,0,13.06,6.53,0
1348,0,2,0,42.7,2,0,1,2,0,28.79,14.4,2
1349,1,3,1,52.0,2,0,2,3,0,5.0,1.67,0
1350,0,1,0,36.4,2,0,0,1,1,81.08,81.08,0
1351,0,3,0,9.1,0,1,0,2,0,9.36,4.68,2
1352,0,3,0,17.1,1,1,1,3,0,7.78,2.59,0
1353,0,2,0,48.5,2,1,1,3,0,7.56,2.52,2
1354,1,3,1,27.6,2,1,0,2,0,9.97,4.99,2
1355,1,3,1,31.1,2,1,0,2,0,10.17,5.08,2
1356,0,3,0,40.6,2,0,0,1,1,5.0,5.0,2
1357,1,3,0,39.7,2,0,0,1,1,5.0,5.0,2
1358,0,2,0,33.9,2,1,1,3,0,24.7,8.23,0
1359,0,2,0,27.1,2,0,1,2,0,31.9,15.95,2
1360,1,3,1,25.6,2,0,0,1,1,10.95,10.95,2
1361,1,3,1,42.0,2,2,0,3,0,15.75,5.25,2
1362,0,1,0,37.7,2,1,0,2,0,73.92,36.96,2
1363,0,3,0,26.4,2,0,1,2,0,9.73,4.86,1
1364,0,3,0,45.1,2,1,2,4,0,5.41,1.35,2
1365,0,3,0,28.2,2,0,2,3,0,5.0,1.67,2
1366,1,1,0,18.1,2,0,0,1,1,96.14,96.14,2
1367,0,3,0,19.4,2,0,1,2,0,15.66,7.83,1
1368,1,3,1,16.3,1,0,1,2,0,5.0,2.5,2
1369,1,1,1,26.2,2,0,0,1,1,106.51,106.51,2
1370,0,1,0,47.3,2,0,0,1,1,75.19,75.19,1
1371,0,3,0,18.7,2,0,0,1,1,8.63,8.63,2
1372,0,1,0,32.6,2,0,0,1,1,130.03,130.03,2
1373,0,3,0,20.8,2,0,1,2,0,11.91,5.96,2
1374,0,3,1,26.4,2,0,0,1,1,14.09,14.09,2
1375,0,2,0,8.9,0,1,0,2,0,7.59,3.8,2
1376,1,3,0,26.9,2,1,0,2,0,9.4,4.7,0
1377,0,2,0,27.3,2,1,0,2,0,32.56,16.28,2
1378,0,3,1,37.6,2,0,0,1,1,14.68,14.68,2
1379,0,2,0,33.1,2,0,0,1,1,8.51,8.51,2
1380,0,3,0,13.2,1,1,0,2,0,10.36,5.18,2
1381,1,1,0,45.2,2,2,0,3,0,160.71,53.57,0
1382,1,2,1,32.9,2,0,0,1,1,29.94,29.94,1
1383,1,3,1,32.8,2,1,0,2,0,7.66,3.83,0
1384,0,2,0,29.9,2,0,1,2,0,44.75,22.38,0
1385,1,3,1,22.8,2,1,0,2,0,5.0,2.5,1
1386,1,2,1,33.0,2,2,0,3,0,17.57,5.86,2
1387,1,3,1,36.7,2,0,0,1,1,13.06,13.06,1
1388,1,1,0,5.5,0,0,0,1,1,101.21,101.21,2
1389,0,3,0,22.5,2,0,0,1,1,5.0,5.0,0
1390,0,3,0,26.4,2,0,0,1,1,10.32,10.32,2
1391,1,1,1,33.6,2,0,0,1,1,133.44,133.44,2
1392,1,1,0,46.7,2,0,0,1,1,97.0,97.0,1
1393,0,1,1,19.2,2,0,2,3,0,99.14,33.05,2
1394,0,3,0,23.0,2,0,0,1,1,8.98,8.98,2
1395,0,2,1,22.8,2,1,2,4,0,13.28,3.32,2
1396,1,3,1,18.8,2,0,1,2,0,5.0,2.5,2
1397,0,2,0,25.1,2,2,0,3,0,14.37,4.79,2
1398,0,2,1,40.8,2,0,0,1,1,31.22,31.22,2
1399,0,3,0,15.2,1,0,0,1,1,5.0,5.0,0
1400,1,3,1,36.0,2,2,0,3,0,15.16,5.05,2
1401,0,1,0,6.2,0,0,0,1,1,49.83,49.83,2
1402,0,1,0,22.1,2,0,1,2,0,68.99,34.49,1
1403,1,1,1,25.4,2,0,0,1,1,5.0,5.0,2
1404,0,3,0,53.4,2,1,0,2,0,11.93,5.96,2
1405,1,3,1,26.2,2,1,0,2,0,7.05,3.52,2
1406,1,3,0,0.5,0,0,0,1,1,5.0,5.0,2
1407,0,3,0,2.0,0,0,1,2,0,11.39,5.7,1
1408,0,3,0,30.5,2,1,0,2,0,21.06,10.53,1
1409,0,3,0,38.6,2,0,1,2,0,8.07,4.04,2
1410,0,3,0,35.3,2,0,1,2,0,17.85,8.93,2
1411,0,1,0,32.3,2,0,0,1,1,143.18,143.18,1
1412,0,1,0,46.3,2,0,0,1,1,102.92,102.92,0
1413,0,2,0,22.4,2,1,0,2,0,32.85,16.42,2
1414,1,1,1,42.5,2,1,0,2,0,85.09,42.54,2
1415,0,3,1,7.2,0,1,1,3,0,8.51,2.84,2
1416,0,3,0,17.3,1,1,0,2,0,13.63,6.82,1
1417,1,1,1,4.7,0,0,1,2,0,34.82,17.41,2
1418,0,1,0,26.2,2,0,0,1,1,67.47,67.47,2
1419,0,3,1,29.4,2,0,0,1,1,7.42,7.42,2
1420,1,3,1,31.6,2,0,1,2,0,9.05,4.53,2
1421,0,2,1,30.9,2,0,0,1,1,17.98,17.98,2
1422,0,3,0,17.0,1,1,1,3,0,10.67,3.56,1
1423,0,1,1,27.3,2,2,0,3,0,81.53,27.18,1
1424,0,1,0,9.0,0,1,0,2,0,85.11,42.56,0
1425,1,3,1,49.1,2,0,0,1,1,5.0,5.0,0
1426,0,3,0,25.7,2,0,1,2,0,11.82,5.91,2
1427,0,1,0,23.2,2,1,0,2,0,59.56,29.78,2
1428,1,3,1,52.2,2,0,0,1,1,8.02,8.02,0
1429,1,3,1,12.6,1,0,0,1,1,9.93,9.93,2
1430,0,3,0,14.2,1,1,0,2,0,5.0,2.5,2
1431,0,3,1,14.7,1,1,0,2,0,10.66,5.33,2
1432,0,3,0,29.0,2,2,1,4,0,12.41,3.1,2
1433,0,3,0,36.0,2,0,0,1,1,7.32,7.32,2
1434,0,3,0,40.4,2,0,0,1,1,18.45,18.45,0
1435,0,1,0,66.0,3,0,1,2,0,82.38,41.19,0
1436,0,1,0,0.5,0,0,1,2,0,51.47,25.74,0
1437,0,2,0,38.5,2,0,1,2,0,21.39,10.7,2
1438,0,3,0,22.2,2,0,1,2,0,9.61,4.8,2
1439,0,1,0,21.8,2,0,0,1,1,130.16,130.16,2
1440,0,3,0,21.3,2,1,1,3,0,5.0,1.67,2
1441,0,3,1,17.3,1,1,0,2,0,16.79,8.4,2
1442,1,1,1,53.6,2,1,1,3,0,42.05,14.02,2
1443,0,3,0,41.8,2,0,1,2,0,12.69,6.34,2
1444,0,2,0,30.3,2,0,0,1,1,10.33,10.33,2
1445,0,3,0,48.9,2,0,1,2,0,6.86,3.43,2
1446,1,1,0,8.8,0,0,1,2,0,120.49,60.24,1
1447,1,3,1,11.4,0,2,1,4,0,16.67,4.17,2
1448,1,3,0,0.5,0,0,0,1,1,5.0,5.0,2
1449,1,3,0,20.2,2,0,1,2,0,20.64,10.32,0
1450,0,3,0,32.3,2,0,1,2,0,6.28,3.14,2
1451,0,3,0,31.4,2,1,2,4,0,5.0,1.25,2
1452,0,3,1,32.1,2,0,0,1,1,10.66,10.66,0
1453,1,3,1,10.2,0,0,0,1,1,21.04,21.04,0
1454,0,3,0,41.2,2,0,0,1,1,5.0,5.0,2
1455,0,1,0,33.4,2,1,0,2,0,32.89,16.44,2
1456,1,3,1,40.3,2,2,0,3,0,12.38,4.13,2
1457,0,3,1,3.5,0,0,0,1,1,10.17,10.17,2
1458,0,3,0,34.4,2,3,0,4,0,11.91,2.98,0
1459,0,1,0,13.4,1,1,0,2,0,85.01,42.5,1
1460,0,3,0,24.4,2,2,1,4,0,7.0,1.75,2
1461,1,2,0,37.5,2,1,0,2,0,7.57,3.78,2
1462,0,3,0,31.3,2,1,1,3,0,5.0,1.67,2
1463,1,1,0,18.1,2,1,1,3,0,53.28,17.76,1
1464,0,3,0,30.1,2,1,0,2,0,8.06,4.03,1
1465,1,3,0,8.6,0,0,1,2,0,7.65,3.82,2
1466,1,1,1,46.1,2,0,0,1,1,120.43,120.43,0
1467,1,3,0,27.1,2,1,1,3,0,5.0,1.67,2
1468,0,2,0,45.7,2,0,0,1,1,42.21,42.21,0
1469,0,3,0,22.6,2,0,0,1,1,21.59,21.59,2
1470,0,3,0,22.7,2,1,0,2,0,5.0,2.5,2
1471,1,3,1,19.3,2,0,0,1,1,16.43,16.43,2
1472,0,3,0,42.3,2,0,1,2,0,10.27,5.14,2
1473,0,3,0,20.1,2,0,0,1,1,6.99,6.99,2
1474,0,2,1,39.0,2,0,0,1,1,27.97,27.97,1
1475,0,2,0,24.6,2,0,3,4,0,32.05,8.01,2
1476,1,3,1,2.3,0,2,2,5,0,17.27,3.45,2
1477,0,3,0,22.0,2,0,0,1,1,8.05,8.05,2
1478,0,3,0,13.5,1,1,0,2,0,9.6,4.8,2
1479,0,3,0,30.5,2,1,0,2,0,15.05,7.52,2
1480,0,2,0,13.3,1,0,0,1,1,14.84,14.84,2
1481,0,3,1,43.0,2,0,0,1,1,5.0,5.0,2
1482,1,1,1,28.7,2,1,0,2,0,55.43,27.72,2
1483,0,3,0,27.5,2,0,1,2,0,17.56,8.78,2
1484,0,1,0,39.2,2,0,1,2,0,90.03,45.02,2
1485,1,2,1,43.5,2,2,3,6,0,26.77,4.46,2
1486,1,2,1,29.7,2,0,0,1,1,9.19,9.19,2
1487,0,2,0,19.2,2,1,0,2,0,28.24,14.12,2
1488,0,3,0,5.2,0,0,2,3,0,5.0,1.67,2
1489,0,2,0,20.4,2,0,0,1,1,33.34,33.34,2
1490,0,2,1,21.4,2,1,0,2,0,31.41,15.7,0
1491,0,1,0,31.5,2,1,0,2,0,93.27,46.64,2
1492,0,2,0,25.2,2,0,0,1,1,34.61,34.61,0
1493,1,1,1,39.6,2,1,0,2,0,57.56,28.78,2
1494,0,1,0,21.4,2,0,0,1,1,26.45,26.45,0
1495,0,3,0,29.2,2,1,1,3,0,10.5,3.5,0
1496,0,3,0,46.6,2,3,0,4,0,8.99,2.25,2
1497,0,3,0,34.8,2,0,1,2,0,5.0,2.5,2
1498,0,3,0,29.2,2,1,0,2,0,7.44,3.72,2
1499,0,2,0,21.6,2,0,0,1,1,14.4,14.4,1
1500,0,3,0,21.1,2,0,0,1,1,10.21,10.21,1
1501,0,3,0,18.1,2,0,0,1,1,9.59,9.59,1
1502,1,3,1,22.4,2,1,0,2,0,19.69,9.85,2
1503,0,1,1,40.6,2,0,0,1,1,71.2,71.2,2
1504,0,2,0,26.9,2,1,0,2,0,19.47,9.74,2
1505,0,2,0,11.1,0,0,0,1,1,11.02,11.02,2
1506,0,2,0,54.8,2,0,1,2,0,17.29,8.64,2
1507,1,3,0,34.5,2,2,1,4,0,7.84,1.96,0
1508,0,3,0,10.3,0,1,0,2,0,13.89,6.94,2
1509,0,3,1,23.8,2,2,1,4,0,9.45,2.36,2
1510,0,3,0,31.6,2,0,0,1,1,11.11,11.11,0
1511,0,3,0,53.9,2,4,0,5,0,10.8,2.16,1
1512,0,3,0,14.5,1,1,0,2,0,9.91,4.96,0
1513,1,3,1,43.7,2,0,2,3,0,24.69,8.23,2
1514,0,1,0,49.6,2,1,0,2,0,132.6,66.3,2
1515,0,1,0,21.2,2,1,0,2,0,120.29,60.14,2
1516,0,1,0,26.1,2,0,3,4,0,73.08,18.27,2
1517,0,3,1,15.5,1,0,1,2,0,7.02,3.51,2
1518,0,3,1,27.2,2,0,0,1,1,8.54,8.54,2
1519,0,2,0,29.5,2,0,1,2,0,13.24,6.62,2
1520,0,3,0,39.2,2,0,1,2,0,12.46,6.23,0
1521,1,1,0,45.3,2,1,1,3,0,85.09,28.36,2
1522,0,3,0,19.5,2,0,0,1,1,8.42,8.42,2
1523,0,2,1,2.5,0,0,0,1,1,16.48,16.48,2
1524,1,1,1,29.7,2,1,0,2,0,97.39,48.7,2
1525,1,3,1,34.1,2,2,0,3,0,6.47,2.16,2
1526,0,2,1,33.5,2,0,0,1,1,27.66,27.66,0
1527,0,2,0,25.4,2,2,0,3,0,15.21,5.07,0
1528,1,2,0,31.7,2,0,0,1,1,5.0,5.0,2
1529,1,3,1,51.2,2,0,0,1,1,8.46,8.46,2
1530,0,3,0,35.3,2,0,0,1,1,13.47,13.47,0
1531,0,2,1,24.8,2,0,2,3,0,36.89,12.3,2
1532,0,3,0,23.0,2,0,0,1,1,7.26,7.26,0
1533,0,3,0,27.6,2,0,1,2,0,13.67,6.84,2
1534,0,2,1,52.9,2,0,0,1,1,25.08,25.08,2
1535,1,2,0,27.4,2,2,0,3,0,13.4,4.47,0
1536,1,1,1,29.7,2,1,0,2,0,79.06,39.53,2
1537,1,1,1,23.2,2,1,0,2,0,73.56,36.78,0
1538,0,3,1,45.4,2,0,0,1,1,10.35,10.35,2
1539,0,1,1,57.4,2,1,0,2,0,69.39,34.7,2
1540,0,3,0,36.3,2,1,0,2,0,6.38,3.19,0
1541,1,3,1,31.2,2,0,0,1,1,8.49,8.49,2
1542,1,1,0,30.5,2,0,0,1,1,80.58,80.58,2
1543,0,3,0,0.5,0,0,0,1,1,10.71,10.71,1
1544,0,2,0,40.4,2,0,0,1,1,25.06,25.06,1
1545,0,3,0,31.9,2,1,1,3,0,8.16,2.72,0
1546,1,3,0,36.0,2,2,0,3,0,11.98,3.99,2
1547,0,3,0,20.0,2,1,0,2,0,10.07,5.04,1
1548,1,3,0,24.6,2,1,1,3,0,14.68,4.89,2
1549,1,1,1,24.2,2,3,0,4,0,107.23,26.81,2
1550,0,3,0,44.3,2,2,1,4,0,9.61,2.4,2
1551,1,3,1,24.7,2,0,1,2,0,8.13,4.07,2
1552,1,3,1,59.2,2,0,3,4,0,9.19,2.3,2
1553,0,3,1,36.0,2,0,0,1,1,6.08,6.08,2
1554,0,3,0,12.1,1,0,1,2,0,5.59,2.8,1
1555,1,1,1,28.2,2,0,1,2,0,133.99,67.0,2
1556,0,1,0,20.9,2,0,1,2,0,63.52,31.76,2
1557,1,3,1,0.5,0,2,0,3,0,8.4,2.8,2
1558,1,2,0,52.4,2,0,0,1,1,11.48,11.48,2
1559,0,3,1,39.8,2,0,0,1,1,8.24,8.24,2
1560,0,3,1,37.5,2,0,1,2,0,14.14,7.07,2
1561,0,2,0,32.3,2,1,0,2,0,14.46,7.23,0
1562,0,1,0,10.7,0,0,0,1,1,93.04,93.04,1
1563,1,3,1,23.2,2,2,0,3,0,5.0,1.67,2
1564,0,2,0,41.8,2,1,0,2,0,24.56,12.28,1
1565,1,3,1,15.3,1,0,0,1,1,5.0,5.0,2
1566,0,2,0,0.5,0,0,0,1,1,47.53,47.53,2
1567,0,3,0,26.8,2,0,2,3,0,5.0,1.67,2
1568,1,1,1,28.0,2,0,0,1,1,114.57,114.57,2
1569,1,3,1,31.9,2,0,0,1,1,21.03,21.03,2
1570,1,3,1,40.2,2,1,1,3,0,5.0,1.67,2
1571,0,3,0,38.9,2,0,0,1,1,5.0,5.0,0
1572,1,1,1,33.6,2,0,0,1,1,98.87,98.87,2
1573,0,3,0,46.7,2,1,1,3,0,12.57,4.19,2
1574,0,3,0,8.7,0,1,0,2,0,13.88,6.94,2
1575,1,1,1,37.1,2,0,2,3,0,103.99,34.66,2
1576,1,1,0,38.8,2,0,0,1,1,62.39,62.39,0
1577,0,1,0,12.6,1,0,2,3,0,70.52,23.51,2
1578,1,3,0,9.0,0,0,1,2,0,5.0,2.5,2
1579,0,3,1,19.6,2,0,0,1,1,8.73,8.73,2
1580,0,3,0,20.7,2,1,0,2,0,5.0,2.5,2
1581,1,1,1,40.5,2,0,1,2,0,80.16,40.08,2
1582,0,2,0,21.4,2,0,0,1,1,25.04,25.04,2
1583,0,3,0,18.0,1,0,0,1,1,12.46,12.46,2
1584,1,3,1,21.4,2,0,1,2,0,7.65,3.82,0
1585,0,3,0,45.7,2,0,1,2,0,6.92,3.46,2
1586,0,1,0,30.2,2,0,0,1,1,149.36,149.36,1
1587,0,3,0,27.5,2,1,0,2,0,12.99,6.5,2
1588,0,2,0,28.5,2,1,0,2,0,30.94,15.47,2
1589,1,2,1,48.1,2,0,0,1,1,38.2,38.2,0
1590,0,3,0,19.5,2,0,0,1,1,5.0,5.0,2
1591,0,3,1,48.4,2,1,0,2,0,14.02,7.01,1
1592,0,3,0,32.9,2,0,1,2,0,5.0,2.5,2
1593,0,1,0,27.8,2,0,0,1,1,88.16,88.16,0
1594,1,1,1,65.0,3,0,0,1,1,78.44,78.44,2
1595,0,3,0,15.2,1,0,0,1,1,5.0,5.0,2
1596,0,3,0,25.0,2,1,0,2,0,11.24,5.62,2
1597,0,2,0,12.7,1,1,1,3,0,7.92,2.64,2
1598,0,1,0,43.3,2,1,1,3,0,104.67,34.89,1
1599,1,1,0,53.6,2,0,0,1,1,100.95,100.95,0
1600,0,3,0,53.4,2,1,0,2,0,5.0,2.5,2
1601,0,1,0,47.1,2,0,0,1,1,77.22,77.22,2
1602,0,2,0,27.2,2,0,0,1,1,21.11,21.11,0
1603,1,1,0,24.9,2,1,0,2,0,77.83,38.92,0
1604,0,2,0,6.6,0,0,0,1,1,18.95,18.95,2
1605,1,1,0,58.5,2,1,1,3,0,58.04,19.35,2
1606,1,3,1,36.6,2,1,0,2,0,13.01,6.5,2
1607,1,1,1,23.1,2,1,0,2,0,65.68,32.84,0
1608,0,3,0,48.6,2,0,1,2,0,6.59,3.3,2
1609,0,1,1,16.4,1,0,0,1,1,8.67,8.67,0
1610,0,3,0,35.7,2,0,1,2,0,12.13,6.06,2
1611,0,3,0,27.6,2,0,0,1,1,13.48,13.48,2
1612,0,3,0,38.9,2,0,0,1,1,15.64,15.64,2
1613,0,3,0,29.1,2,0,0,1,1,6.41,6.41,2
1614,0,2,0,9.7,0,0,0,1,1,5.0,5.0,0
1615,0,2,0,31.1,2,1,0,2,0,22.47,11.24,2
1616,0,3,0,44.7,2,2,0,3,0,9.74,3.25,2
1617,0,3,1,29.6,2,2,0,3,0,13.49,4.5,1
1618,0,3,0,40.9,2,0,0,1,1,5.0,5.0,2
1619,0,3,0,15.4,1,0,1,2,0,15.55,7.78,2
1620,1,3,1,29.6,2,0,0,1,1,5.0,5.0,2
1621,0,3,0,21.3,2,0,1,2,0,8.46,4.23,2
1622,1,1,0,40.5,2,0,1,2,0,76.96,38.48,2
1623,0,3,1,30.4,2,1,1,3,0,11.64,3.88,2
1624,0,3,1,39.7,2,0,0,1,1,11.7,11.7,2
1625,1,1,1,45.2,2,1,0,2,0,69.2,34.6,2
1626,0,3,1,39.7,2,1,1,3,0,5.0,1.67,2
1627,0,1,1,33.8,2,1,0,2,0,81.2,40.6,2
1628,0,3,1,16.0,1,0,0,1,1,7.05,7.05,0
1629,0,1,0,30.0,2,0,0,1,1,56.99,56.99,2
1630,0,3,0,22.5,2,1,1,3,0,14.82,4.94,2
1631,0,3,0,25.2,2,0,0,1,1,5.0,5.0,0
1632,1,2,0,24.8,2,1,1,3,0,10.03,3.34,0
1633,1,3,1,16.3,1,1,1,3,0,10.21,3.4,2
1634,0,3,0,2.6,0,0,2,3,0,9.99,3.33,2
1635,0,3,0,20.6,2,0,0,1,1,7.41,7.41,2
1636,0,1,0,32.7,2,4,0,5,0,96.9,19.38,2
1637,0,2,1,11.1,0,1,0,2,0,24.47,12.24,0
1638,1,1,0,30.2,2,1,0,2,0,60.99,30.5,2
1639,0,3,1,56.6,2,0,0,1,1,6.66,6.66,0
1640,0,3,0,44.3,2,0,1,2,0,14.84,7.42,2
1641,0,3,0,53.0,2,0,0,1,1,8.88,8.88,2
1642,0,3,0,35.5,2,0,0,1,1,5.0,5.0,2
1643,0,3,0,46.3,2,2,0,3,0,8.81,2.94,2
1644,0,3,1,19.9,2,1,1,3,0,7.95,2.65,2
1645,1,1,1,21.0,2,0,0,1,1,70.46,70.46,2
1646,1,3,0,0.5,0,0,0,1,1,8.15,8.15,2
1647,0,1,0,46.6,2,1,0,2,0,59.38,29.69,2
1648,0,3,0,51.6,2,0,0,1,1,17.06,17.06,2
1649,1,3,1,22.3,2,1,1,3,0,12.54,4.18,0
1650,1,3,1,26.4,2,0,0,1,1,18.31,18.31,2
1651,0,1,0,19.4,2,0,0,1,1,104.55,104.55,2
1652,0,2,0,35.4,2,0,1,2,0,37.04,18.52,1
1653,1,2,1,45.7,2,1,0,2,0,13.13,6.56,2
1654,0,2,0,5.6,0,0,0,1,1,9.74,9.74,0
1655,0,1,0,35.7,2,0,2,3,0,107.19,35.73,2
1656,0,3,0,26.1,2,1,1,3,0,14.94,4.98,2
1657,0,3,0,31.6,2,2,0,3,0,14.84,4.95,2
1658,1,2,1,36.4,2,1,2,4,0,34.54,8.64,2
1659,0,2,1,27.4,2,0,0,1,1,18.28,18.28,2
1660,0,2,0,28.5,2,0,1,2,0,12.66,6.33,0
1661,1,3,0,27.0,2,0,1,2,0,5.0,2.5,1
1662,0,3,0,43.6,2,2,0,3,0,16.71,5.57,0
1663,0,3,0,35.9,2,0,0,1,1,8.58,8.58,2
1664,0,3,0,33.1,2,0,0,1,1,16.46,16.46,1
1665,1,3,0,12.2,1,0,0,1,1,5.0,5.0,2
1666,0,3,0,24.7,2,1,0,2,0,15.41,7.7,2
1667,0,1,0,42.6,2,2,2,5,0,102.39,20.48,2
1668,0,3,0,30.5,2,0,0,1,1,5.0,5.0,0
1669,1,1,0,39.2,2,0,0,1,1,55.91,55.91,2
1670,1,3,0,54.7,2,0,0,1,1,15.54,15.54,0
1671,0,2,0,44.5,2,0,0,1,1,47.28,47.28,2
1672,1,3,1,31.3,2,1,0,2,0,10.17,5.08,2
1673,0,3,0,22.8,2,0,0,1,1,12.2,12.2,0
1674,0,3,0,0.5,0,0,0,1,1,10.97,10.97,1
1675,1,3,1,27.6,2,1,0,2,0,6.04,3.02,2
1676,0,2,1,25.4,2,1,1,3,0,20.98,6.99,2
1677,0,1,0,35.5,2,0,4,5,0,71.39,14.28,2
1678,0,2,1,27.8,2,0,0,1,1,32.61,32.61,2
1679,1,1,0,25.5,2,1,0,2,0,82.52,41.26,2
1680,1,3,0,5.1,0,1,2,4,0,12.39,3.1,2
1681,1,2,0,16.8,1,0,0,1,1,10.5,10.5,2
1682,1,3,1,36.7,2,3,1,5,0,6.01,1.2,2
1683,1,3,1,54.0,2,3,0,4,0,6.34,1.58,2
1684,0,3,0,28.6,2,0,1,2,0,7.23,3.62,0
1685,0,1,0,34.6,2,1,1,3,0,78.87,26.29,2
1686,0,3,0,43.3,2,0,1,2,0,19.03,9.52,0
1687,0,3,0,18.6,2,0,2,3,0,13.73,4.58,1
1688,0,3,0,35.1,2,0,0,1,1,5.2,5.2,2
1689,0,3,1,19.6,2,0,1,2,0,14.47,7.24,2
1690,1,3,1,42.1,2,0,0,1,1,8.81,8.81,0
1691,1,1,1,32.1,2,1,0,2,0,86.89,43.44,2
1692,0,3,1,34.2,2,0,1,2,0,11.44,5.72,2
1693,0,2,0,19.0,2,0,1,2,0,29.33,14.66,0
1694,1,1,1,39.9,2,0,0,1,1,88.23,88.23,2
1695,0,2,0,59.2,2,0,1,2,0,5.0,2.5,2
1696,0,1,0,15.9,1,1,1,3,0,110.82,36.94,0
1697,0,1,0,25.2,2,1,0,2,0,43.77,21.88,2
1698,0,1,0,33.2,2,0,0,1,1,129.05,129.05,2
1699,0,3,0,41.0,2,0,0,1,1,5.0,5.0,2
1700,0,3,0,22.2,2,0,0,1,1,17.6,17.6,1
1701,0,3,1,0.5,0,2,0,3,0,5.08,1.69,2
1702,1,2,0,49.0,2,0,0,1,1,10.93,10.93,0
1703,0,2,0,40.6,2,0,0,1,1,18.52,18.52,2
1704,1,3,1,5.6,0,0,0,1,1,9.46,9.46,0
1705,0,2,0,21.5,2,1,1,3,0,15.54,5.18,2
1706,0,1,0,52.0,2,1,1,3,0,80.54,26.85,2
1707,0,3,0,50.3,2,0,1,2,0,12.83,6.42,0
1708,0,1,0,43.1,2,0,0,1,1,68.93,68.93,0
1709,1,3,0,27.5,2,0,1,2,0,11.16,5.58,1
1710,1,3,0,31.2,2,1,1,3,0,11.55,3.85,0
1711,1,1,0,28.2,2,1,0,2,0,84.41,42.2,2
1712,1,1,0,45.8,2,1,1,3,0,114.11,38.04,2
1713,0,3,0,17.7,1,3,0,4,0,15.81,3.95,2
1714,0,3,0,18.7,2,1,0,2,0,29.71,14.86,2
1715,1,1,0,44.1,2,0,1,2,0,124.53,62.26,2
1716,0,3,1,29.4,2,0,1,2,0,12.12,6.06,0
1717,0,1,0,49.3,2,0,0,1,1,75.46,75.46,2
1718,0,3,0,20.6,2,1,1,3,0,20.24,6.75,2
1719,1,3,1,29.2,2,0,0,1,1,5.0,5.0,2
1720,0,1,0,17.1,1,1,0,2,0,67.59,33.8,2
1721,1,1,0,30.1,2,1,0,2,0,83.38,41.69,2
1722,0,1,0,9.3,0,0,0,1,1,81.4,81.4,2
1723,1,2,1,23.2,2,0,0,1,1,10.42,10.42,0
1724,0,1,1,9.9,0,3,0,4,0,126.24,31.56,1
1725,0,3,0,39.7,2,0,0,1,1,5.0,5.0,2
1726,0,1,1,40.0,2,0,0,1,1,83.34,83.34,2
1727,0,3,0,5.8,0,0,0,1,1,10.09,10.09,1
1728,0,3,0,48.7,2,0,0,1,1,11.36,11.36,2
1729,0,3,0,65.0,3,1,0,2,0,14.79,7.4,2
1730,0,3,0,30.6,2,0,0,1,1,5.0,5.0,2
1731,0,2,1,21.0,2,2,0,3,0,7.48,2.49,1
1732,0,3,0,69.5,3,0,1,2,0,7.16,3.58,2
1733,0,3,0,11.5,0,0,0,1,1,15.48,15.48,2
1734,0,2,1,30.3,2,0,0,1,1,21.55,21.55,0
1735,0,1,0,32.5,2,1,1,3,0,123.77,41.26,2
1736,1,3,0,48.8,2,2,0,3,0,7.05,2.35,2
1737,0,2,0,35.0,2,0,0,1,1,12.61,12.61,2
1738,1,1,1,23.0,2,0,0,1,1,72.72,72.72,1
1739,1,2,1,16.7,1,1,0,2,0,36.35,18.18,2
1740,1,2,0,25.2,2,0,2,3,0,18.03,6.01,0
1741,1,3,1,15.9,1,0,0,1,1,13.47,13.47,2
1742,0,3,0,30.7,2,0,0,1,1,5.0,5.0,2
1743,0,3,1,22.1,2,1,0,2,0,5.0,2.5,2
1744,0,1,0,9.1,0,0,0,1,1,53.58,53.58,2
1745,0,2,0,47.6,2,0,0,1,1,11.04,11.04,2
1746,1,3,1,23.0,2,0,0,1,1,5.0,5.0,2
1747,0,1,0,12.2,1,2,0,3,0,121.47,40.49,2
1748,0,2,0,27.6,2,0,0,1,1,5.0,5.0,0
1749,0,3,0,31.0,2,0,1,2,0,13.21,6.6,0
1750,1,1,1,5.5,0,0,1,2,0,60.11,30.06,0
1751,0,3,0,34.6,2,0,0,1,1,8.3,8.3,2
1752,1,1,0,15.3,1,1,0,2,0,66.14,33.07,2
1753,0,1,0,54.0,2,1,0,2,0,101.18,50.59,2
1754,0,2,0,37.3,2,1,0,2,0,24.01,12.0,0
1755,0,3,0,24.4,2,1,2,4,0,5.27,1.32,2
1756,0,3,1,19.6,2,0,0,1,1,20.82,20.82,0
1757,1,3,1,28.5,2,1,0,2,0,7.29,3.64,2
1758,0,3,0,38.6,2,1,0,2,0,8.86,4.43,2
1759,0,1,0,29.6,2,0,0,1,1,115.29,115.29,0
1760,1,3,0,27.0,2,0,0,1,1,9.09,9.09,2
1761,0,3,0,30.8,2,0,0,1,1,10.24,10.24,1
1762,0,3,1,21.5,2,0,0,1,1,8.59,8.59,2
1763,0,1,0,25.2,2,0,0,1,1,78.47,78.47,2
1764,0,3,0,0.8,0,1,0,2,0,11.85,5.92,2
1765,1,1,1,43.6,2,0,0,1,1,78.6,78.6,2
1766,0,2,0,34.2,2,0,1,2,0,36.2,18.1,2
1767,0,3,0,19.2,2,0,3,4,0,6.17,1.54,2
1768,0,3,0,56.6,2,0,0,1,1,6.95,6.95,2
1769,1,2,1,31.2,2,1,1,3,0,6.92,2.31,2
1770,0,2,1,15.5,1,0,0,1,1,21.56,21.56,0
1771,0,3,0,42.0,2,1,3,5,0,11.49,2.3,2
1772,1,3,1,35.6,2,2,1,4,0,14.69,3.67,0
1773,0,3,0,35.5,2,0,1,2,0,14.36,7.18,0
1774,0,3,0,24.0,2,0,2,3,0,5.0,1.67,0
1775,1,3,0,36.3,2,0,1,2,0,8.77,4.38,0
1776,0,2,0,26.3,2,1,0,2,0,5.0,2.5,0
1777,0,3,0,37.8,2,1,1,3,0,10.72,3.57,0
1778,0,2,0,3.3,0,1,0,2,0,12.01,6.0,2
1779,0,2,0,23.9,2,0,0,1,1,5.0,5.0,1
1780,0,3,0,54.1,2,0,2,3,0,9.9,3.3,0
1781,0,1,0,19.3,2,0,0,1,1,103.25,103.25,2
1782,0,3,1,21.5,2,0,0,1,1,5.16,5.16,1
1783,0,3,0,23.7,2,1,0,2,0,10.03,5.01,0
1784,0,3,0,13.0,1,0,0,1,1,10.45,10.45,2
1785,0,3,0,0.5,0,1,1,3,0,5.0,1.67,2
1786,0,3,0,26.8,2,2,0,3,0,5.0,1.67,2
1787,0,3,1,31.9,2,0,0,1,1,10.28,10.28,2
1788,0,3,0,29.3,2,0,0,1,1,5.0,5.0,2
1789,0,1,0,28.0,2,1,1,3,0,20.0,6.67,2
1790,1,3,1,30.6,2,1,1,3,0,7.77,2.59,2
1791,1,1,0,44.3,2,0,0,1,1,119.66,119.66,2
1792,1,3,0,27.3,2,1,0,2,0,5.61,2.8,2
1793,0,3,0,22.0,2,0,0,1,1,6.48,6.48,1
1794,0,3,1,26.1,2,2,1,4,0,10.07,2.52,2
1795,0,1,0,38.1,2,0,0,1,1,57.4,57.4,0
1796,0,1,0,49.8,2,0,0,1,1,71.14,71.14,2
1797,0,3,0,21.2,2,0,0,1,1,8.1,8.1,2
1798,0,1,0,31.4,2,1,1,3,0,68.04,22.68,2
1799,0,1,0,34.7,2,1,0,2,0,48.88,24.44,2
1800,0,1,0,16.1,1,0,1,2,0,56.46,28.23,2
1801,0,3,0,30.3,2,2,0,3,0,16.44,5.48,0
1802,0,3,1,9.5,0,0,0,1,1,14.19,14.19,1
1803,0,2,1,5.2,0,0,0,1,1,5.0,5.0,2
1804,0,2,0,35.1,2,0,1,2,0,33.35,16.68,2
1805,0,2,1,24.6,2,0,1,2,0,23.54,11.77,2
1806,0,3,0,32.8,2,0,1,2,0,5.61,2.8,2
1807,0,3,0,29.7,2,1,1,3,0,10.02,3.34,2
1808,1,1,0,16.3,1,1,0,2,0,90.47,45.24,2
1809,1,1,1,29.4,2,0,1,2,0,178.57,89.28,2
1810,1,1,1,12.7,1,1,0,2,0,100.85,50.42,2
1811,0,3,0,49.5,2,1,0,2,0,6.61,3.3,2
1812,1,3,1,11.0,0,0,0,1,1,11.05,11.05,2
1813,0,2,0,27.3,2,1,2,4,0,27.62,6.9,2
1814,1,1,1,15.4,1,2,2,5,0,90.44,18.09,2
1815,1,1,1,38.0,2,0,1,2,0,133.42,66.71,2
1816,0,3,0,25.4,2,0,0,1,1,12.52,12.52,2
1817,0,2,1,22.7,2,1,0,2,0,18.12,9.06,2
1818,0,3,0,41.9,2,0,0,1,1,7.86,7.86,2
1819,0,3,0,30.4,2,0,0,1,1,11.31,11.31,2
1820,0,2,0,37.2,2,1,0,2,0,5.33,2.66,0
1821,1,1,0,16.3,1,1,1,3,0,126.6,42.2,2
1822,1,1,1,10.3,0,1,0,2,0,81.19,40.6,2
1823,0,3,1,31.5,2,0,1,2,0,9.07,4.54,2
1824,1,3,0,25.5,2,0,0,1,1,5.0,5.0,2
1825,1,3,1,38.8,2,0,2,3,0,8.27,2.76,2
1826,0,3,1,28.9,2,1,0,2,0,5.0,2.5,2
1827,0,1,0,32.9,2,1,1,3,0,85.36,28.45,1
1828,1,3,1,7.3,0,0,0,1,1,13.83,13.83,0
1829,0,3,0,56.4,2,0,0,1,1,13.92,13.92,2
1830,1,2,1,27.7,2,1,0,2,0,5.0,2.5,2
1831,0,3,0,39.8,2,0,1,2,0,5.6,2.8,2
1832,0,3,0,18.3,2,1,2,4,0,6.0,1.5,1
1833,1,3,0,34.3,2,0,0,1,1,17.65,17.65,2
1834,1,3,0,11.8,0,0,1,2,0,17.18,8.59,2
1835,0,3,0,36.3,2,0,0,1,1,10.61,10.61,2
1836,0,3,0,25.0,2,1,1,3,0,7.42,2.47,2
1837,0,1,0,30.4,2,0,0,1,1,87.85,87.85,2
1838,1,2,1,39.8,2,0,2,3,0,18.35,6.12,2
1839,1,3,0,12.7,1,0,1,2,0,11.14,5.57,2
1840,0,1,0,20.4,2,0,0,1,1,89.99,89.99,2
1841,0,2,0,36.4,2,1,2,4,0,31.16,7.79,2
1842,0,2,0,59.4,2,0,0,1,1,29.64,29.64,2
1843,0,2,1,28.1,2,1,0,2,0,5.22,2.61,2
1844,0,3,1,38.3,2,1,0,2,0,9.8,4.9,0
1845,0,3,0,28.5,2,1,0,2,0,5.03,2.52,0
1846,0,2,0,57.2,2,1,0,2,0,23.3,11.65,2
1847,1,1,1,5.5,0,0,0,1,1,92.81,92.81,2
1848,1,1,0,31.3,2,0,0,1,1,60.36,60.36,2
1849,0,3,1,7.2,0,0,0,1,1,10.65,10.65,2
1850,0,3,0,0.5,0,0,1,2,0,12.71,6.36,2
1851,0,2,1,34.2,2,0,0,1,1,31.85,31.85,2
1852,0,3,0,32.0,2,0,1,2,0,5.0,2.5,2
1853,0,3,0,26.0,2,1,0,2,0,16.58,8.29,0
1854,1,3,1,28.5,2,1,0,2,0,18.48,9.24,2
1855,0,3,0,73.4,3,0,1,2,0,12.05,6.02,2
1856,0,2,0,26.4,2,0,1,2,0,15.91,7.96,2
1857,0,3,0,37.1,2,1,0,2,0,8.36,4.18,2
1858,0,3,0,20.9,2,0,0,1,1,9.76,9.76,2
1859,0,3,0,34.1,2,1,2,4,0,11.35,2.84,2
1860,0,3,0,26.7,2,2,0,3,0,10.11,3.37,2
1861,1,3,0,24.3,2,0,0,1,1,11.41,11.41,2
1862,0,3,0,55.5,2,0,0,1,1,9.55,9.55,0
1863,1,1,1,46.5,2,1,1,3,0,73.27,24.42,2
1864,0,3,0,31.9,2,1,1,3,0,7.7,2.57,0
1865,1,3,0,0.5,0,0,2,3,0,8.31,2.77,2
1866,0,3,1,24.9,2,0,0,1,1,7.12,7.12,2
1867,0,1,0,67.8,3,1,0,2,0,154.42,77.21,0
1868,0,1,0,26.8,2,1,0,2,0,65.09,32.54,2
1869,0,1,0,45.4,2,0,0,1,1,77.45,77.45,2
1870,0,3,0,50.2,2,2,0,3,0,16.63,5.54,2
1871,0,3,0,33.1,2,0,1,2,0,13.99,7.0,0
1872,1,1,0,18.2,2,1,2,4,0,137.06,34.26,2
1873,0,3,0,0.5,0,0,0,1,1,5.0,5.0,0
1874,0,3,0,39.6,2,1,0,2,0,8.69,4.34,1
1875,0,3,0,18.6,2,0,0,1,1,8.32,8.32,2
1876,0,3,0,32.5,2,0,0,1,1,5.0,5.0,0
1877,0,3,0,12.5,1,1,0,2,0,5.0,2.5,2
1878,0,3,1,26.3,2,0,1,2,0,12.46,6.23,0
1879,0,2,0,30.5,2,0,0,1,1,17.85,17.85,2
1880,0,3,0,33.8,2,0,1,2,0,5.0,2.5,2
1881,0,3,0,14.4,1,1,0,2,0,6.27,3.14,2
1882,0,3,0,46.8,2,1,1,3,0,15.81,5.27,2
1883,0,3,0,21.6,2,1,0,2,0,5.61,2.8,2
1884,0,3,0,6.6,0,1,0,2,0,10.85,5.42,2
1885,1,1,1,28.5,2,0,1,2,0,53.36,26.68,0
1886,0,3,0,30.5,2,2,0,3,0,12.53,4.18,2
1887,0,1,1,32.2,2,1,0,2,0,25.16,12.58,0
1888,0,2,0,49.1,2,1,0,2,0,5.57,2.78,2
1889,0,3,0,26.7,2,0,0,1,1,10.84,10.84,2
1890,0,3,0,28.3,2,0,0,1,1,11.15,11.15,1
1891,0,1,0,14.6,1,0,0,1,1,102.19,102.19,2
1892,0,2,0,41.5,2,1,0,2,0,14.74,7.37,0
1893,0,3,0,32.6,2,0,0,1,1,20.96,20.96,2
1894,0,1,0,24.1,2,0,0,1,1,95.06,95.06,0
1895,0,3,1,3.3,0,1,0,2,0,6.8,3.4,2
1896,0,3,1,50.2,2,0,0,1,1,5.0,5.0,0
1897,0,3,0,12.8,1,1,0,2,0,12.98,6.49,1
1898,0,1,0,21.7,2,1,1,3,0,52.66,17.55,2
1899,0,2,0,35.0,2,0,0,1,1,14.61,14.61,1
1900,0,3,0,13.2,1,2,0,3,0,11.42,3.81,2
1901,0,3,0,9.1,0,0,0,1,1,10.29,10.29,2
1902,1,1,0,0.5,0,1,0,2,0,96.08,48.04,0
1903,0,3,0,40.1,2,1,0,2,0,16.34,8.17,2
1904,0,1,0,22.4,2,0,0,1,1,62.39,62.39,0
1905,0,3,1,71.0,3,0,1,2,0,5.92,2.96,0
1906,1,1,1,16.1,1,0,0,1,1,56.74,56.74,0
1907,1,3,1,17.1,1,0,1,2,0,10.49,5.24,2
1908,0,2,0,22.1,2,1,0,2,0,36.73,18.36,0
1909,0,2,0,33.4,2,1,3,5,0,13.79,2.76,2
1910,0,1,0,23.4,2,1,0,2,0,78.62,39.31,2
1911,0,2,0,38.6,2,1,1,3,0,34.77,11.59,2
1912,0,3,0,16.3,1,2,1,4,0,12.89,3.22,2
1913,1,3,1,10.7,0,0,0,1,1,5.74,5.74,2
1914,0,2,0,4.8,0,0,1,2,0,10.5,5.25,2
1915,0,2,0,0.5,0,0,0,1,1,5.0,5.0,0
1916,0,3,0,22.7,2,0,0,1,1,12.57,12.57,2
1917,1,3,0,25.8,2,0,0,1,1,11.94,11.94,2
1918,0,3,0,21.2,2,0,0,1,1,20.25,20.25,2
1919,0,2,0,47.4,2,2,0,3,0,34.78,11.59,1
1920,1,2,0,47.2,2,1,0,2,0,5.0,2.5,0
1921,0,3,0,25.3,2,0,1,2,0,21.77,10.88,2
1922,1,1,1,4.9,0,2,1,4,0,49.86,12.46,0
1923,0,3,0,22.1,2,2,0,3,0,10.73,3.58,2
1924,0,2,1,21.6,2,1,0,2,0,15.25,7.62,0
1925,0,3,0,20.8,2,2,2,5,0,10.41,2.08,2
1926,0,1,0,20.2,2,1,0,2,0,57.66,28.83,2
1927,0,3,0,20.9,2,0,0,1,1,15.23,15.23,1
1928,0,3,0,24.6,2,0,3,4,0,10.74,2.68,0
1929,0,3,0,21.1,2,0,1,2,0,5.32,2.66,2
1930,0,1,1,32.9,2,0,0,1,1,51.68,51.68,1
1931,0,3,1,35.0,2,1,0,2,0,10.9,5.45,2
1932,0,3,0,17.3,1,0,0,1,1,14.76,14.76,2
1933,0,3,0,47.8,2,0,1,2,0,5.0,2.5,1
1934,1,3,1,16.3,1,0,1,2,0,11.84,5.92,2
1935,0,3,0,7.4,0,1,0,2,0,13.87,6.94,2
1936,0,3,0,35.3,2,1,1,3,0,7.88,2.63,2
1937,0,2,0,18.6,2,0,1,2,0,5.12,2.56,2
1938,1,3,1,34.5,2,2,1,4,0,9.79,2.45,2
1939,0,3,1,0.5,0,2,1,4,0,16.14,4.04,2
1940,0,1,0,49.5,2,0,0,1,1,96.79,96.79,2
1941,1,1,1,39.4,2,1,1,3,0,63.24,21.08,1
1942,1,2,1,9.0,0,0,1,2,0,41.64,20.82,0
1943,0,3,0,9.3,0,0,0,1,1,7.84,7.84,2
1944,0,3,0,53.4,2,0,1,2,0,7.66,3.83,2
1945,0,3,0,19.7,2,0,0,1,1,12.23,12.23,2
1946,0,3,1,18.3,2,0,0,1,1,9.47,9.47,0
1947,0,2,0,0.5,0,1,0,2,0,7.84,3.92,2
1948,0,1,1,25.1,2,1,0,2,0,64.59,32.3,2
1949,1,2,0,26.8,2,0,0,1,1,12.09,12.09,2
1950,0,2,1,40.0,2,1,2,4,0,5.45,1.36,0
1951,0,1,0,10.4,0,1,1,3,0,59.96,19.99,2
1952,0,1,0,8.7,0,0,0,1,1,63.15,63.15,2
1953,0,3,1,36.3,2,2,0,3,0,5.0,1.67,0
1954,0,3,1,44.1,2,0,0,1,1,7.6,7.6,2
1955,0,3,1,8.0,0,0,1,2,0,12.88,6.44,2
1956,0,3,0,45.1,2,0,0,1,1,5.0,5.0,2
1957,0,3,1,30.5,2,0,1,2,0,17.96,8.98,2
1958,1,2,0,45.3,2,0,0,1,1,14.2,14.2,2
1959,0,3,0,29.0,2,0,1,2,0,16.8,8.4,0
1960,0,3,0,0.5,0,1,1,3,0,5.57,1.86,1
1961,1,1,0,27.9,2,0,1,2,0,77.65,38.83,2
1962,1,2,0,44.8,2,0,0,1,1,13.14,13.14,0
1963,1,3,1,17.5,1,0,0,1,1,14.09,14.09,2
1964,0,2,0,24.6,2,0,0,1,1,17.83,17.83,2
1965,0,3,1,27.5,2,0,1,2,0,12.37,6.18,1
1966,0,3,0,0.5,0,0,1,2,0,15.51,7.76,2
1967,0,1,0,53.4,2,2,1,4,0,57.88,14.47,2
1968,1,2,0,17.4,1,0,2,3,0,15.83,5.28,1
1969,0,2,1,37.1,2,1,0,2,0,9.59,4.8,2
1970,1,1,1,28.8,2,0,0,1,1,94.03,94.03,2
1971,1,1,1,47.6,2,1,0,2,0,114.17,57.08,2
1972,1,3,1,35.7,2,0,0,1,1,5.0,5.0,2
1973,0,2,0,26.7,2,2,0,3,0,42.31,14.1,0
1974,0,3,0,17.5,1,0,0,1,1,14.4,14.4,0
1975,0,2,1,41.2,2,0,0,1,1,16.22,16.22,0
1976,0,3,0,3.8,0,0,0,1,1,10.83,10.83,2
1977,0,2,0,39.0,2,0,0,1,1,37.3,37.3,2
1978,0,2,0,14.6,1,1,1,3,0,5.0,1.67,1
1979,0,3,0,47.5,2,2,1,4,0,9.57,2.39,2
1980,0,3,0,32.3,2,2,0,3,0,10.21,3.4,0
1981,1,1,0,39.0,2,1,0,2,0,56.35,28.18,1
1982,1,3,0,31.1,2,1,1,3,0,9.67,3.22,2
1983,0,3,0,5.5,0,0,1,2,0,17.84,8.92,2
1984,0,3,0,17.9,1,1,0,2,0,7.9,3.95,2
1985,0,1,0,39.4,2,0,1,2,0,107.03,53.52,2
1986,0,1,1,32.3,2,0,1,2,0,61.65,30.82,2
1987,0,3,0,46.5,2,0,0,1,1,6.43,6.43,2
1988,0,3,0,35.6,2,0,2,3,0,5.0,1.67,2
1989,0,2,1,16.5,1,2,1,4,0,5.56,1.39,2
1990,0,3,0,18.9,2,1,1,3,0,6.45,2.15,2
1991,0,3,0,31.4,2,1,0,2,0,6.88,3.44,2
1992,0,1,1,0.5,0,0,0,1,1,20.62,20.62,2
1993,0,3,0,53.4,2,1,0,2,0,5.0,2.5,2
1994,1,1,1,36.2,2,1,0,2,0,101.73,50.86,2
1995,0,3,1,47.2,2,0,0,1,1,13.35,13.35,2
1996,1,3,0,7.9,0,0,0,1,1,5.0,5.0,0
1997,0,3,0,47.4,2,2,1,4,0,5.12,1.28,2
1998,0,1,0,61.2,3,0,0,1,1,96.91,96.91,2
1999,1,1,0,11.5,0,1,0,2,0,93.27,46.64,2
2000,1,2,0,40.8,2,0,1,2,0,12.0,6.0,0
2001,0,2,0,30.0,2,0,0,1,1,11.18,11.18,1
2002,0,2,0,8.4,0,3,0,4,0,25.5,6.38,1
2003,0,3,0,36.9,2,1,0,2,0,15.43,7.72,2
2004,1,2,0,41.7,2,1,0,2,0,23.27,11.64,0
2005,0,2,0,21.6,2,1,0,2,0,22.27,11.14,2
2006,0,3,0,46.3,2,0,0,1,1,23.53,23.53,0
2007,0,2,1,6.7,0,2,0,3,0,36.13,12.04,1
2008,0,3,0,9.1,0,1,0,2,0,12.95,6.48,2
2009,0,1,0,31.9,2,0,0,1,1,46.13,46.13,2
2010,1,3,1,30.4,2,1,0,2,0,11.37,5.68,0
2011,0,1,0,20.0,2,1,2,4,0,101.68,25.42,2
2012,1,1,0,41.3,2,1,0,2,0,85.66,42.83,0
2013,0,3,0,37.4,2,0,0,1,1,10.36,10.36,0
2014,1,1,0,42.0,2,0,0,1,1,72.58,72.58,2
2015,0,3,0,28.3,2,2,0,3,0,7.31,2.44,2
2016,0,2,0,38.4,2,0,0,1,1,5.0,5.0,2
2017,0,2,0,23.8,2,0,2,3,0,37.8,12.6,2
2018,0,3,1,58.8,2,0,0,1,1,20.36,20.36,2
2019,0,1,0,18.6,2,0,3,4,0,138.2,34.55,0
2020,0,3,0,59.5,2,0,0,1,1,7.39,7.39,1
2021,0,3,1,30.5,2,1,1,3,0,5.0,1.67,0
2022,0,3,0,10.7,0,3,0,4,0,5.0,1.25,2
2023,1,3,1,49.2,2,0,0,1,1,5.86,5.86,1
2024,0,1,0,31.8,2,2,2,5,0,70.62,14.12,0
2025,1,2,1,41.9,2,2,1,4,0,22.44,5.61,2
2026,1,2,0,47.1,2,0,1,2,0,30.39,15.2,0
2027,0,3,1,34.7,2,2,0,3,0,5.0,1.67,0
2028,0,3,1,21.7,2,1,0,2,0,17.39,8.7,0
2029,0,2,0,43.7,2,1,0,2,0,19.72,9.86,0
2030,0,3,0,30.0,2,0,0,1,1,5.0,5.0,2
2031,0,1,0,39.6,2,0,0,1,1,66.48,66.48,2
2032,0,3,0,0.5,0,1,1,3,0,11.02,3.67,1
2033,0,3,0,36.3,2,0,0,1,1,8.39,8.39,1
2034,0,3,0,21.1,2,1,0,2,0,10.74,5.37,2
2035,0,3,0,53.1,2,0,0,1,1,5.0,5.0,2
2036,1,2,0,38.7,2,1,0,2,0,17.51,8.76,2
2037,0,1,0,33.4,2,0,1,2,0,32.35,16.18,2
2038,0,1,0,36.8,2,0,0,1,1,53.94,53.94,1
2039,0,1,0,16.0,1,3,1,5,0,124.76,24.95,2
2040,0,2,0,52.7,2,0,0,1,1,15.07,15.07,2
2041,0,3,0,57.9,2,0,1,2,0,17.93,8.96,0
2042,0,3,0,35.5,2,0,0,1,1,15.28,15.28,2
2043,0,3,0,52.3,2,0,1,2,0,8.38,4.19,2
2044,0,1,0,22.0,2,1,0,2,0,127.77,63.88,1
2045,0,3,0,18.8,2,0,1,2,0,17.03,8.52,2
2046,1,3,1,30.6,2,1,0,2,0,16.85,8.43,2
2047,0,1,0,36.1,2,0,2,3,0,89.34,29.78,0
2048,0,3,0,24.5,2,1,0,2,0,14.61,7.3,2
2049,0,3,1,37.5,2,0,1,2,0,8.34,4.17,2
2050,0,1,1,34.3,2,0,0,1,1,74.66,74.66,1
2051,0,3,1,16.0,1,0,0,1,1,7.43,7.43,2
2052,0,3,0,37.3,2,2,0,3,0,19.89,6.63,2
2053,0,1,0,42.1,2,0,3,4,0,122.61,30.65,2
2054,1,3,1,32.4,2,2,0,3,0,18.99,6.33,2
2055,0,3,0,46.1,2,0,0,1,1,7.68,7.68,2
2056,0,3,0,13.0,1,1,1,3,0,12.03,4.01,2
2057,0,3,1,36.6,2,0,0,1,1,5.15,5.15,2
2058,1,2,1,13.6,1,1,0,2,0,30.55,15.28,2
2059,0,3,1,14.4,1,0,1,2,0,14.5,7.25,0
2060,0,3,1,21.2,2,0,0,1,1,21.99,21.99,1
2061,1,1,1,16.8,1,1,0,2,0,83.02,41.51,0
2062,0,3,0,22.3,2,0,1,2,0,13.62,6.81,2
2063,0,3,1,27.0,2,0,1,2,0,7.65,3.82,0
2064,0,3,0,41.7,2,1,0,2,0,12.71,6.36,2
2065,1,1,0,25.5,2,0,0,1,1,40.15,40.15,2
2066,1,3,1,7.8,0,0,2,3,0,10.58,3.53,0
2067,0,1,0,46.0,2,1,1,3,0,121.22,40.41,2
2068,0,2,0,18.3,2,0,0,1,1,22.52,22.52,2
2069,1,1,0,29.2,2,0,0,1,1,44.86,44.86,2
2070,1,2,1,36.3,2,1,0,2,0,11.71,5.86,0
2071,0,3,0,32.8,2,2,1,4,0,8.1,2.02,2
2072,0,3,1,45.3,2,0,1,2,0,15.38,7.69,2
2073,0,1,0,36.7,2,1,0,2,0,75.56,37.78,2
2074,0,3,1,17.9,1,0,0,1,1,11.74,11.74,2
2075,0,3,1,60.5,3,1,0,2,0,5.0,2.5,2
2076,0,3,0,32.7,2,0,0,1,1,12.12,12.12,2
2077,0,1,0,27.9,2,0,0,1,1,101.47,101.47,1
2078,0,3,0,43.5,2,1,0,2,0,8.01,4.0,0
2079,1,3,1,33.5,2,2,0,3,0,20.43,6.81,2
2080,0,3,0,35.6,2,0,0,1,1,5.0,5.0,0
2081,1,1,1,64.9,3,1,0,2,0,102.99,51.5,2
2082,1,1,0,26.1,2,0,0,1,1,122.99,122.99,2
2083,0,3,1,25.6,2,0,0,1,1,12.71,12.71,2
2084,0,3,1,31.6,2,0,0,1,1,10.88,10.88,0
2085,0,3,1,45.0,2,0,0,1,1,12.75,12.75,2
2086,1,3,1,8.9,0,0,0,1,1,14.34,14.34,2
2087,1,1,0,2.5,0,0,0,1,1,45.82,45.82,2
2088,0,3,0,21.8,2,0,0,1,1,11.5,11.5,2
2089,1,3,1,7.1,0,0,1,2,0,9.08,4.54,0
2090,0,2,1,24.1,2,2,1,4,0,16.1,4.03,2
2091,1,3,0,37.0,2,0,0,1,1,13.59,13.59,2
2092,1,3,0,17.5,1,1,1,3,0,7.18,2.39,2
2093,0,1,0,10.0,0,1,1,3,0,96.52,32.17,2
2094,0,3,0,31.0,2,1,0,2,0,7.3,3.65,2
2095,0,2,0,42.1,2,0,1,2,0,6.49,3.24,2
2096,0,3,0,6.3,0,1,0,2,0,15.14,7.57,2
2097,1,3,1,41.5,2,0,0,1,1,10.77,10.77,0
2098,0,3,0,41.4,2,0,0,1,1,16.91,16.91,2
2099,0,3,0,43.4,2,1,0,2,0,6.67,3.34,2
2100,0,2,0,47.1,2,0,0,1,1,10.89,10.89,2
2101,0,3,0,60.8,3,0,1,2,0,24.2,12.1,1
2102,1,3,1,25.0,2,0,0,1,1,11.78,11.78,2
2103,1,1,1,31.5,2,1,1,3,0,66.05,22.02,0
2104,0,3,0,24.2,2,0,0,1,1,13.47,13.47,2
2105,1,3,1,30.0,2,0,1,2,0,5.0,2.5,2
2106,1,2,1,51.5,2,0,1,2,0,24.58,12.29,0
2107,1,3,1,11.2,0,0,0,1,1,11.53,11.53,2
2108,0,3,0,17.9,1,0,1,2,0,8.7,4.35,2
2109,1,2,1,49.3,2,0,1,2,0,31.91,15.96,2
2110,0,3,0,44.3,2,1,1,3,0,13.47,4.49,0
2111,0,1,0,24.9,2,1,0,2,0,94.62,47.31,2
2112,0,1,0,42.0,2,0,0,1,1,103.78,103.78,2
2113,0,1,0,34.8,2,0,1,2,0,150.29,75.14,0
2114,0,3,0,51.0,2,0,0,1,1,5.0,5.0,2
2115,0,3,0,31.0,2,3,1,5,0,7.43,1.49,2
2116,0,1,0,44.4,2,0,0,1,1,105.44,105.44,1
2117,1,2,1,67.0,3,0,0,1,1,29.57,29.57,2
2118,0,3,1,38.4,2,1,0,2,0,5.58,2.79,2
2119,0,1,0,30.7,2,0,0,1,1,105.23,105.23,1
2120,0,3,1,40.1,2,0,0,1,1,7.31,7.31,1
2121,1,3,1,24.9,2,0,1,2,0,12.5,6.25,2
2122,0,3,1,63.4,3,1,0,2,0,7.39,3.7,2
2123,0,3,0,32.5,2,0,0,1,1,5.0,5.0,2
2124,0,2,1,26.2,2,0,1,2,0,34.62,17.31,2
2125,0,3,1,18.3,2,1,0,2,0,8.5,4.25,0
2126,0,3,1,45.4,2,1,1,3,0,7.04,2.35,2
2127,0,3,0,42.1,2,2,0,3,0,7.31,2.44,2
2128,1,1,0,23.0,2,0,0,1,1,68.6,68.6,2
2129,0,3,0,38.1,2,0,0,1,1,8.4,8.4,2
2130,0,2,0,8.9,0,0,1,2,0,14.35,7.18,0
2131,0,1,0,32.6,2,1,0,2,0,91.39,45.7,2
2132,1,1,0,36.3,2,0,2,3,0,54.91,18.3,0
2133,0,3,1,53.9,2,0,0,1,1,5.0,5.0,2
2134,1,3,1,19.2,2,0,0,1,1,18.13,18.13,0
2135,0,3,0,12.1,1,1,1,3,0,14.34,4.78,0
2136,1,3,1,17.5,1,2,0,3,0,17.15,5.72,2
2137,1,1,0,11.3,0,0,0,1,1,125.24,125.24,2
2138,0,3,1,48.7,2,1,0,2,0,5.0,2.5,2
2139,0,1,1,51.7,2,0,0,1,1,98.2,98.2,2
2140,0,3,1,34.5,2,0,0,1,1,5.68,5.68,2
2141,1,3,1,47.1,2,0,0,1,1,6.09,6.09,2
2142,1,3,0,31.9,2,1,0,2,0,10.78,5.39,2
2143,1,3,1,28.7,2,0,0,1,1,16.89,16.89,2
2144,0,2,0,25.3,2,2,0,3,0,21.46,7.15,2
2145,0,3,1,25.7,2,1,1,3,0,14.53,4.84,2
2146,0,3,1,8.3,0,1,0,2,0,8.44,4.22,2
2147,0,3,1,33.7,2,0,0,1,1,8.36,8.36,2
2148,0,2,0,29.4,2,1,0,2,0,15.03,7.52,2
2149,0,3,1,40.4,2,1,0,2,0,9.35,4.68,2
2150,1,3,0,31.3,2,2,0,3,0,14.45,4.82,2
2151,0,2,0,27.7,2,1,0,2,0,15.95,7.98,2
2152,0,1,1,17.8,1,1,1,3,0,118.35,39.45,2
2153,0,3,0,31.0,2,1,0,2,0,5.0,2.5,1
2154,1,3,1,40.3,2,0,0,1,1,10.64,10.64,2
2155,1,1,0,14.0,1,0,1,2,0,54.5,27.25,2
2156,0,1,0,31.2,2,0,1,2,0,71.64,35.82,0
2157,1,1,1,33.3,2,1,1,3,0,82.02,27.34,2
2158,0,2,0,19.9,2,1,1,3,0,20.27,6.76,2
2159,1,3,0,21.8,2,0,0,1,1,12.32,12.32,2
2160,0,3,1,33.2,2,0,0,1,1,8.22,8.22,2
2161,0,3,0,14.1,1,2,1,4,0,12.87,3.22,1
2162,0,3,0,34.9,2,0,0,1,1,6.65,6.65,2
2163,0,2,0,17.5,1,0,0,1,1,41.41,41.41,0
2164,1,3,1,44.9,2,1,0,2,0,15.01,7.5,1
2165,0,3,1,62.7,3,1,0,2,0,11.48,5.74,2
2166,0,3,1,17.9,1,1,0,2,0,8.93,4.46,0
2167,0,3,0,37.5,2,0,0,1,1,14.26,14.26,1
2168,0,1,1,19.8,2,0,0,1,1,59.12,59.12,2
2169,0,3,1,44.6,2,0,2,3,0,11.19,3.73,2
2170,1,2,1,12.3,1,0,0,1,1,33.17,33.17,2
2171,0,3,0,36.7,2,1,1,3,0,17.13,5.71,2
2172,0,1,1,17.8,1,1,0,2,0,80.38,40.19,2
2173,0,1,1,27.1,2,0,0,1,1,80.82,80.82,0
2174,0,3,0,15.6,1,0,0,1,1,6.1,6.1,2
2175,0,1,0,41.5,2,0,0,1,1,68.88,68.88,2
2176,0,3,1,18.3,2,0,1,2,0,9.69,4.84,2
2177,0,2,0,37.7,2,0,0,1,1,13.5,13.5,2
2178,0,3,1,25.2,2,0,0,1,1,9.89,9.89,2
2179,0,3,1,28.4,2,0,0,1,1,7.33,7.33,0
2180,0,3,0,32.1,2,0,0,1,1,15.63,15.63,1
2181,0,2,0,19.3,2,0,0,1,1,5.0,5.0,1
2182,0,1,0,32.9,2,0,1,2,0,121.64,60.82,2
2183,0,1,1,51.4,2,1,0,2,0,46.42,23.21,2
2184,1,2,0,19.1,2,1,1,3,0,10.39,3.46,2
2185,0,3,1,46.4,2,1,1,3,0,20.3,6.77,2
2186,0,3,0,51.0,2,1,0,2,0,7.76,3.88,2
2187,0,3,0,18.6,2,1,0,2,0,19.99,9.99,2
2188,0,3,0,9.6,0,0,2,3,0,5.13,1.71,2
2189,0,3,0,34.2,2,1,0,2,0,12.59,6.3,2
2190,0,3,1,22.3,2,0,1,2,0,6.79,3.4,2
2191,0,2,0,56.2,2,0,0,1,1,32.31,32.31,2
2192,0,3,0,30.5,2,2,0,3,0,7.61,2.54,2
2193,0,3,0,18.8,2,1,0,2,0,11.45,5.72,2
2194,0,3,0,13.9,1,0,1,2,0,6.75,3.38,2
2195,0,1,0,45.3,2,3,0,4,0,41.35,10.34,2
2196,0,2,1,22.0,2,0,0,1,1,11.97,11.97,2
2197,0,3,0,30.6,2,0,0,1,1,18.42,18.42,2
2198,0,3,0,43.4,2,0,0,1,1,5.02,5.02,2
2199,0,3,0,23.2,2,0,0,1,1,5.0,5.0,2
2200,1,2,1,29.4,2,2,0,3,0,13.15,4.38,0
2201,0,3,0,29.8,2,0,1,2,0,7.04,3.52,2
2202,0,1,0,39.6,2,1,0,2,0,115.88,57.94,2
2203,1,2,1,38.3,2,1,0,2,0,5.0,2.5,1
2204,0,1,0,26.9,2,0,1,2,0,115.54,57.77,2
2205,0,3,0,30.9,2,1,1,3,0,9.62,3.21,2
2206,0,3,0,24.8,2,0,1,2,0,16.32,8.16,2
2207,0,2,1,9.3,0,0,0,1,1,23.33,23.33,2
2208,1,3,0,33.6,2,2,2,5,0,11.16,2.23,2
2209,1,2,1,56.5,2,0,0,1,1,17.17,17.17,2
2210,0,3,0,17.6,1,1,0,2,0,5.0,2.5,2
2211,0,3,0,19.2,2,1,1,3,0,8.37,2.79,2
2212,0,3,0,17.8,1,0,0,1,1,11.98,11.98,1
2213,0,1,0,40.1,2,1,0,2,0,115.88,57.94,1
2214,1,3,1,36.3,2,1,1,3,0,8.77,2.92,2
2215,0,3,0,27.8,2,0,0,1,1,5.0,5.0,2
2216,0,2,0,17.1,1,1,1,3,0,10.93,3.64,2
2217,0,3,0,31.3,2,1,0,2,0,14.09,7.04,2
2218,1,2,1,8.1,0,1,0,2,0,26.67,13.34,2
2219,0,3,0,32.0,2,0,0,1,1,14.51,14.51,2
2220,0,1,1,42.2,2,1,0,2,0,89.06,44.53,0
2221,0,3,0,12.5,1,0,0,1,1,6.44,6.44,2
2222,1,3,0,8.5,0,0,0,1,1,10.03,10.03,2
2223,0,1,0,52.1,2,0,0,1,1,94.32,94.32,2
2224,0,2,0,21.4,2,0,0,1,1,28.99,28.99,2
2225,0,1,0,45.9,2,0,0,1,1,56.32,56.32,2
2226,0,3,0,27.8,2,0,1,2,0,5.0,2.5,2
2227,0,2,1,27.7,2,0,2,3,0,13.88,4.63,2
2228,1,3,1,36.1,2,1,1,3,0,9.65,3.22,2
2229,0,2,1,17.6,1,1,1,3,0,44.49,14.83,2
2230,0,2,0,31.9,2,0,1,2,0,16.59,8.3,0
2231,0,3,0,24.7,2,1,1,3,0,18.73,6.24,0
2232,0,1,0,11.5,0,0,1,2,0,46.34,23.17,2
2233,0,3,1,34.7,2,0,0,1,1,10.65,10.65,2
2234,0,3,1,26.3,2,0,0,1,1,10.9,10.9,2
2235,1,3,0,27.8,2,0,0,1,1,13.1,13.1,2
2236,0,3,0,13.1,1,1,0,2,0,5.93,2.96,2
2237,0,3,0,52.3,2,1,1,3,0,18.42,6.14,2
2238,0,1,0,42.3,2,0,1,2,0,103.5,51.75,0
2239,0,1,0,43.5,2,0,1,2,0,62.59,31.3,2
2240,1,1,0,25.7,2,2,0,3,0,138.42,46.14,2
2241,1,3,1,5.8,0,0,1,2,0,8.43,4.22,2
2242,1,1,0,57.3,2,0,0,1,1,105.59,105.59,1
2243,0,3,0,29.1,2,0,0,1,1,15.25,15.25,2
2244,0,3,1,19.5,2,0,0,1,1,10.25,10.25,2
2245,0,3,0,35.8,2,1,0,2,0,9.44,4.72,2
2246,1,3,0,46.3,2,1,1,3,0,14.76,4.92,2
2247,1,1,0,29.7,2,0,0,1,1,123.54,123.54,2
2248,0,3,0,47.9,2,0,0,1,1,5.0,5.0,2
2249,0,3,0,45.2,2,1,0,2,0,13.21,6.6,2
2250,0,1,1,14.9,1,1,0,2,0,62.5,31.25,2
2251,0,1,0,20.6,2,0,2,3,0,83.09,27.7,1
2252,0,3,0,43.4,2,0,1,2,0,14.4,7.2,2
2253,0,3,1,0.5,0,0,1,2,0,21.23,10.62,2
2254,0,3,0,27.9,2,1,1,3,0,12.78,4.26,2
2255,0,3,1,10.0,0,1,0,2,0,15.5,7.75,2
2256,0,3,1,23.3,2,2,0,3,0,19.02,6.34,1
2257,0,3,0,25.8,2,1,0,2,0,5.85,2.92,0
2258,0,2,1,25.0,2,0,0,1,1,27.99,27.99,2
2259,0,2,0,22.3,2,2,0,3,0,29.16,9.72,2
2260,0,2,1,14.6,1,0,0,1,1,32.64,32.64,2
2261,0,3,0,62.1,3,1,1,3,0,5.0,1.67,0
2262,1,3,1,56.1,2,0,0,1,1,9.61,9.61,2
2263,1,3,1,13.7,1,1,0,2,0,13.64,6.82,0
2264,0,2,0,52.1,2,0,2,3,0,17.81,5.94,2
2265,0,3,0,24.4,2,0,0,1,1,6.07,6.07,1
2266,1,3,1,31.8,2,0,0,1,1,8.88,8.88,2
2267,0,3,1,29.1,2,1,1,3,0,9.9,3.3,2
2268,0,3,0,20.8,2,1,0,2,0,5.0,2.5,2
2269,0,1,1,43.8,2,1,0,2,0,91.25,45.62,1
2270,0,3,0,31.8,2,1,0,2,0,5.0,2.5,2
2271,0,1,0,23.3,2,0,0,1,1,54.38,54.38,2
2272,0,2,0,11.7,0,2,0,3,0,49.8,16.6,1
2273,0,3,0,17.5,1,1,0,2,0,15.06,7.53,2
2274,1,3,1,7.0,0,0,0,1,1,7.95,7.95,2
2275,0,3,0,30.2,2,1,0,2,0,7.29,3.64,2
2276,0,3,1,13.2,1,1,0,2,0,11.47,5.74,0
2277,1,3,0,26.3,2,0,0,1,1,5.67,5.67,2
2278,0,3,0,49.2,2,0,1,2,0,11.39,5.7,2
2279,0,3,0,46.8,2,0,0,1,1,6.34,6.34,2
2280,0,1,0,29.5,2,1,0,2,0,114.2,57.1,0
2281,0,2,0,28.8,2,0,0,1,1,14.98,14.98,2
2282,0,2,0,56.3,2,0,0,1,1,23.1,23.1,2
2283,0,3,0,37.3,2,0,0,1,1,5.0,5.0,0
2284,1,1,0,25.4,2,1,0,2,0,52.93,26.46,2
2285,0,1,0,10.0,0,1,0,2,0,72.15,36.08,2
2286,0,2,0,35.5,2,1,0,2,0,30.86,15.43,0
2287,1,3,1,41.6,2,0,0,1,1,11.64,11.64,2
2288,0,2,1,21.2,2,0,0,1,1,18.41,18.41,2
2289,0,3,0,34.1,2,2,0,3,0,13.04,4.35,0
2290,0,1,0,24.9,2,1,0,2,0,55.75,27.88,0
2291,0,3,0,27.4,2,0,0,1,1,5.0,5.0,2
2292,1,2,1,0.5,0,1,0,2,0,27.32,13.66,2
2293,1,1,0,26.9,2,0,0,1,1,30.44,30.44,0
2294,1,3,0,43.6,2,1,0,2,0,10.0,5.0,2
2295,0,1,0,21.2,2,0,2,3,0,123.4,41.13,2
2296,0,1,0,30.7,2,2,0,3,0,87.32,29.11,2
2297,0,1,0,19.4,2,0,0,1,1,85.76,85.76,2
2298,1,1,1,35.0,2,0,0,1,1,143.96,143.96,2
2299,0,1,0,27.0,2,1,1,3,0,87.39,29.13,1
2300,0,2,0,16.9,1,3,1,5,0,44.84,8.97,2
2301,0,3,0,48.7,2,1,0,2,0,7.33,3.66,2
2302,0,3,0,43.0,2,0,1,2,0,5.0,2.5,0
2303,1,3,1,21.5,2,0,1,2,0,19.87,9.94,0
2304,0,2,0,37.0,2,0,0,1,1,18.51,18.51,0
2305,1,3,1,37.5,2,1,0,2,0,13.72,6.86,2
2306,0,2,0,39.0,2,0,0,1,1,21.43,21.43,0
2307,0,1,0,6.3,0,1,0,2,0,67.57,33.78,2
2308,0,3,1,44.1,2,1,0,2,0,13.36,6.68,2
2309,1,1,0,22.0,2,0,0,1,1,78.45,78.45,0
2310,0,2,1,25.0,2,1,0,2,0,16.56,8.28,2
2311,0,3,0,66.9,3,0,0,1,1,15.82,15.82,0
2312,0,3,1,34.2,2,0,0,1,1,9.21,9.21,0
2313,0,3,0,24.6,2,0,1,2,0,12.59,6.3,2
2314,0,3,0,0.5,0,0,0,1,1,12.05,12.05,2
2315,0,3,1,49.5,2,0,2,3,0,13.19,4.4,2
2316,1,1,1,11.2,0,0,1,2,0,104.08,52.04,2
2317,1,2,1,16.0,1,1,0,2,0,28.76,14.38,2
2318,0,2,1,25.4,2,0,0,1,1,25.74,25.74,1
2319,1,2,1,49.8,2,0,0,1,1,39.58,39.58,0
2320,0,2,0,40.8,2,2,1,4,0,24.9,6.22,2
2321,0,3,0,27.8,2,1,2,4,0,15.93,3.98,0
2322,0,3,0,34.3,2,0,2,3,0,16.73,5.58,2
2323,1,3,0,21.6,2,1,2,4,0,8.3,2.08,0
2324,1,2,0,32.0,2,0,1,2,0,24.52,12.26,2
2325,0,3,0,31.0,2,0,1,2,0,12.23,6.12,2
2326,0,3,0,43.6,2,2,0,3,0,13.11,4.37,0
2327,1,3,1,43.5,2,1,1,3,0,5.61,1.87,2
2328,0,1,0,36.9,2,0,0,1,1,51.6,51.6,2
2329,1,3,0,24.9,2,0,0,1,1,14.63,14.63,0
2330,0,1,0,40.4,2,0,0,1,1,80.95,80.95,2
2331,1,2,1,28.7,2,0,0,1,1,12.86,12.86,0
2332,1,1,1,14.9,1,1,0,2,0,74.62,37.31,1
2333,0,3,0,24.4,2,0,0,1,1,5.0,5.0,0
2334,0,3,0,31.2,2,0,0,1,1,9.31,9.31,2
2335,1,1,0,42.7,2,0,0,1,1,35.76,35.76,0
2336,0,2,0,27.4,2,1,0,2,0,10.03,5.01,0
2337,0,3,0,13.1,1,2,0,3,0,9.15,3.05,2
2338,0,2,0,30.8,2,0,0,1,1,24.92,24.92,2
2339,1,1,0,31.6,2,2,0,3,0,103.2,34.4,2
2340,0,2,0,32.6,2,2,1,4,0,19.21,4.8,0
2341,1,3,1,42.9,2,0,0,1,1,8.74,8.74,2
2342,0,1,1,44.3,2,1,1,3,0,102.7,34.23,2
2343,1,1,0,21.7,2,0,2,3,0,54.23,18.08,2
2344,0,2,0,21.4,2,0,0,1,1,22.43,22.43,0
2345,0,3,0,15.4,1,0,0,1,1,5.0,5.0,2
2346,0,3,0,39.8,2,0,0,1,1,7.07,7.07,2
2347,1,3,1,50.3,2,1,0,2,0,14.28,7.14,2
2348,0,2,0,25.6,2,0,0,1,1,21.51,21.51,0
2349,0,3,1,26.6,2,0,1,2,0,7.03,3.52,1
2350,0,1,0,50.5,2,1,0,2,0,125.81,62.9,2
2351,0,3,1,37.1,2,0,1,2,0,5.0,2.5,2
2352,0,3,0,36.1,2,0,0,1,1,9.99,9.99,0
2353,1,3,1,13.3,1,0,0,1,1,24.65,24.65,2
2354,1,3,0,39.5,2,0,0,1,1,19.23,19.23,0
2355,0,3,0,17.0,1,0,1,2,0,10.26,5.13,2
2356,1,1,0,14.1,1,1,0,2,0,99.56,49.78,2
2357,0,3,0,25.1,2,0,0,1,1,5.1,5.1,2
2358,1,1,1,21.8,2,1,0,2,0,13.75,6.88,0
2359,1,3,1,26.9,2,1,0,2,0,11.81,5.9,2
2360,0,1,1,9.8,0,0,2,3,0,149.53,49.84,2
2361,0,1,0,43.4,2,2,0,3,0,97.5,32.5,2
2362,0,2,1,45.8,2,0,0,1,1,22.95,22.95,2
2363,0,2,0,2.7,0,0,0,1,1,16.6,16.6,0
2364,0,3,0,43.7,2,2,0,3,0,10.51,3.5,2
2365,0,3,0,18.7,2,0,0,1,1,5.0,5.0,0
2366,1,1,0,42.0,2,0,0,1,1,101.54,101.54,2
2367,1,1,0,29.0,2,0,0,1,1,96.17,96.17,2
2368,0,3,0,30.4,2,0,1,2,0,7.91,3.96,0
2369,1,2,0,27.4,2,0,0,1,1,25.13,25.13,2
2370,0,3,1,47.0,2,1,0,2,0,15.15,7.58,2
2371,0,3,0,12.6,1,1,1,3,0,7.67,2.56,2
2372,0,3,0,38.5,2,0,1,2,0,7.96,3.98,2
2373,1,3,0,45.4,2,1,0,2,0,6.5,3.25,1
2374,0,2,0,40.0,2,1,0,2,0,18.65,9.32,2
2375,1,3,0,62.5,3,0,1,2,0,6.83,3.42,2
2376,0,2,0,22.6,2,0,0,1,1,16.49,16.49,2
2377,0,2,0,43.4,2,0,0,1,1,22.36,22.36,2
2378,1,3,1,28.5,2,1,4,6,0,11.97,2.0,0
2379,0,2,0,47.3,2,0,0,1,1,8.58,8.58,0
2380,0,3,1,29.9,2,0,0,1,1,5.23,5.23,2
2381,0,3,0,24.6,2,1,0,2,0,5.0,2.5,2
2382,0,3,0,48.3,2,0,2,3,0,10.27,3.42,2
2383,0,3,1,23.1,2,0,0,1,1,10.32,10.32,2
2384,1,2,0,10.2,0,0,1,2,0,20.49,10.24,2
2385,0,2,0,22.8,2,0,0,1,1,24.8,24.8,2
2386,0,3,1,38.7,2,1,0,2,0,18.55,9.28,2
2387,1,2,0,49.5,2,0,0,1,1,14.96,14.96,2
2388,0,3,1,31.6,2,1,0,2,0,19.85,9.93,2
2389,0,3,0,48.5,2,0,0,1,1,16.34,16.34,2
2390,0,3,1,11.0,0,0,0,1,1,18.52,18.52,0
2391,1,2,0,23.8,2,0,1,2,0,16.78,8.39,0
2392,1,1,0,26.0,2,1,0,2,0,61.29,30.64,0
2393,0,2,0,28.4,2,1,1,3,0,20.82,6.94,0
2394,0,1,0,31.2,2,0,0,1,1,80.48,80.48,0
2395,0,3,0,39.7,2,0,1,2,0,17.48,8.74,2
2396,0,2,0,23.8,2,0,1,2,0,5.0,2.5,2
2397,0,1,0,31.9,2,0,0,1,1,73.07,73.07,2
2398,0,1,0,29.4,2,2,0,3,0,34.74,11.58,2
2399,1,3,0,17.0,1,0,0,1,1,6.02,6.02,2
2400,1,3,1,28.4,2,0,1,2,0,6.53,3.26,0
2401,0,2,0,28.0,2,0,2,3,0,8.05,2.68,2
2402,0,1,0,27.7,2,0,1,2,0,42.08,21.04,2
2403,0,2,0,30.4,2,0,0,1,1,17.26,17.26,2
2404,0,2,0,31.1,2,2,1,4,0,21.71,5.43,1
2405,0,3,1,23.9,2,0,0,1,1,14.24,14.24,2
2406,0,3,0,47.8,2,0,0,1,1,11.98,11.98,2
2407,1,2,1,13.6,1,3,0,4,0,15.51,3.88,0
2408,0,1,0,19.9,2,1,0,2,0,33.67,16.84,2
2409,0,3,1,68.9,3,0,0,1,1,16.43,16.43,0
2410,1,3,0,15.5,1,0,0,1,1,12.83,12.83,2
2411,0,3,1,11.0,0,0,0,1,1,5.0,5.0,2
2412,0,1,0,40.3,2,1,0,2,0,65.5,32.75,2
2413,0,3,0,0.9,0,0,0,1,1,13.92,13.92,1
2414,0,1,0,26.7,2,0,0,1,1,84.22,84.22,0
2415,0,3,0,60.0,2,0,1,2,0,10.63,5.32,2
2416,0,3,1,8.4,0,0,0,1,1,6.94,6.94,0
2417,1,2,0,2.3,0,0,0,1,1,26.23,26.23,2
2418,1,1,0,9.0,0,0,0,1,1,39.77,39.77,2
2419,0,1,1,42.6,2,0,0,1,1,29.54,29.54,2
2420,0,2,0,45.7,2,1,4,6,0,17.0,2.83,0
2421,1,1,1,22.8,2,0,0,1,1,51.35,51.35,2
2422,1,1,1,39.6,2,0,1,2,0,70.23,35.12,2
2423,0,3,0,49.5,2,1,1,3,0,6.17,2.06,2
2424,0,3,1,55.0,2,0,1,2,0,8.59,4.3,2
2425,0,2,0,26.6,2,0,1,2,0,14.86,7.43,2
2426,0,3,0,0.5,0,1,1,3,0,12.02,4.01,0
2427,0,1,0,18.5,2,1,2,4,0,45.54,11.38,1
2428,0,3,0,24.0,2,1,0,2,0,15.66,7.83,2
2429,0,2,1,26.4,2,0,0,1,1,21.2,21.2,1
2430,0,3,1,27.4,2,1,1,3,0,9.52,3.17,2
2431,0,3,0,45.7,2,0,0,1,1,10.02,10.02,2
2432,0,3,0,47.8,2,1,0,2,0,11.22,5.61,2
2433,0,3,1,27.6,2,0,0,1,1,10.19,10.19,0
2434,0,2,0,45.4,2,1,0,2,0,20.42,10.21,2
2435,0,3,0,35.0,2,0,0,1,1,11.72,11.72,2
2436,0,2,0,30.9,2,0,2,3,0,16.14,5.38,0
2437,1,2,1,42.7,2,0,2,3,0,17.63,5.88,0
2438,0,2,0,31.0,2,0,0,1,1,27.13,27.13,2
2439,0,3,1,58.8,2,0,0,1,1,15.96,15.96,2
2440,1,1,1,9.9,0,0,1,2,0,87.51,43.76,0
2441,0,3,0,22.8,2,2,0,3,0,14.66,4.89,0
2442,0,3,0,28.2,2,1,1,3,0,10.86,3.62,0
2443,1,3,1,36.2,2,0,1,2,0,5.32,2.66,2
2444,0,3,0,47.8,2,0,0,1,1,5.95,5.95,2
2445,0,2,1,29.7,2,2,1,4,0,14.87,3.72,2
2446,1,2,1,10.1,0,0,0,1,1,33.43,33.43,2
2447,0,2,0,41.8,2,0,0,1,1,13.46,13.46,2
2448,1,1,1,40.6,2,0,0,1,1,89.47,89.47,2
2449,0,1,1,2.8,0,0,1,2,0,115.18,57.59,1
2450,0,2,1,29.9,2,0,0,1,1,5.0,5.0,2
2451,0,2,0,7.7,0,1,1,3,0,31.29,10.43,0
2452,0,3,0,20.7,2,1,1,3,0,8.93,2.98,2
2453,0,3,0,17.4,1,0,1,2,0,10.24,5.12,0
2454,1,2,1,41.3,2,2,0,3,0,25.27,8.42,1
2455,0,3,0,31.6,2,0,0,1,1,17.83,17.83,0
2456,0,1,1,12.0,0,1,0,2,0,81.87,40.94,2
2457,0,2,0,42.3,2,0,1,2,0,21.48,10.74,2
2458,0,3,0,9.9,0,0,0,1,1,5.03,5.03,2
2459,0,3,0,34.6,2,2,0,3,0,11.54,3.85,2
2460,1,2,1,18.6,2,0,1,2,0,22.5,11.25,2
2461,0,3,0,24.9,2,0,0,1,1,14.16,14.16,2
2462,1,3,0,37.1,2,0,0,1,1,12.73,12.73,1
2463,0,3,0,37.3,2,1,0,2,0,8.68,4.34,2
2464,0,3,1,48.7,2,0,0,1,1,7.28,7.28,0
2465,0,3,0,28.8,2,0,0,1,1,9.2,9.2,2
2466,0,1,0,34.3,2,0,0,1,1,95.2,95.2,2
2467,1,2,1,23.9,2,1,0,2,0,32.01,16.0,2
2468,1,1,1,32.5,2,1,1,3,0,142.99,47.66,1
2469,1,3,1,36.2,2,2,1,4,0,5.51,1.38,2
2470,0,3,0,28.6,2,1,1,3,0,13.15,4.38,2
2471,0,1,0,4.7,0,2,0,3,0,72.34,24.11,2
2472,1,3,1,34.6,2,0,1,2,0,5.79,2.9,2
2473,0,3,0,35.1,2,0,0,1,1,8.24,8.24,2
2474,1,3,1,20.5,2,0,0,1,1,11.21,11.21,2
2475,0,3,0,12.0,0,0,1,2,0,10.42,5.21,0
2476,0,3,0,50.7,2,1,1,3,0,12.11,4.04,2
2477,0,1,0,36.9,2,1,0,2,0,48.87,24.44,2
2478,1,3,0,26.8,2,2,0,3,0,16.52,5.51,2
2479,0,1,0,14.1,1,0,0,1,1,61.34,61.34,2
2480,0,3,0,18.5,2,0,0,1,1,5.0,5.0,2
2481,1,2,1,48.2,2,0,1,2,0,24.55,12.28,2
2482,0,3,0,31.9,2,1,0,2,0,5.0,2.5,0
2483,1,3,1,22.3,2,1,0,2,0,18.48,9.24,2
2484,1,1,1,37.1,2,0,1,2,0,146.97,73.48,2
2485,0,3,0,18.6,2,1,1,3,0,13.25,4.42,2
2486,0,3,0,51.0,2,2,1,4,0,14.29,3.57,1
2487,0,3,1,48.9,2,1,0,2,0,11.25,5.62,0
2488,0,3,0,23.5,2,0,2,3,0,11.83,3.94,2
2489,0,3,1,21.2,2,0,0,1,1,5.0,5.0,2
2490,0,2,1,0.5,0,0,0,1,1,20.62,20.62,0
2491,1,2,1,9.3,0,0,0,1,1,18.51,18.51,2
2492,0,1,0,11.2,0,1,1,3,0,126.15,42.05,2
2493,0,3,0,31.9,2,0,1,2,0,9.7,4.85,2
2494,0,2,0,25.4,2,0,2,3,0,37.89,12.63,0
2495,0,3,0,11.2,0,0,0,1,1,14.58,14.58,2
2496,0,3,1,26.1,2,0,1,2,0,11.42,5.71,2
2497,0,3,0,37.1,2,1,1,3,0,8.67,2.89,2
2498,0,3,0,37.4,2,0,0,1,1,18.38,18.38,2
2499,1,3,1,3.4,0,0,1,2,0,9.85,4.92,0
2500,0,2,0,28.2,2,0,1,2,0,17.71,8.86,2
